COMPANY,CEO,TOWN,HQ,Field,email,phone
BOURSE DES VALEURS MOBILIÈRES DE L’AFRIQUE CENTRALE (BVMAC), Monsieur Jean-Claude Ngbwa (Directeur général), DOUALA, Akwa, Commerce des valeurs mobilières, info@bvmac-ac.org, 233 43 85 83
3T CAMEROUN, Monsieur Gaël FOTSO (Directeur Général), DOUALA," Zone portuaire, entrée nord"," Transport routier, aérien, maritime, Transit, Acconage, Manutention, Consignation des navires, Entreposage, Groupage et Dégroupage", 3t@tafinvestment.com, 233 40 41 70/ 233 40 41 72
ABB (ASEA BROWN BOVERI), Monsieur KABEYA (Directeur général), DOUALA," Bassa, ndokoti", Energie & Automation, anne.messina@cm.abb.com, 233 37 82 53/54
ABIOGeT, Monsieur Clément Sofalne (D.G), MAROUA," Maroua (Bureau CNPS, local B-1.1", Foresterie - Protection de l'environnement - Technologies propres, contact@abioget.org, 695190791
AC2P (ASSOCIATION CAMEROUNAISE DES PROFESSIONNELS DE LA PLASTURGIE ), Monsieur WAFO FOKO Emmanuel(Président), DOUALA, Bassa- Ndokoti locaux Mitchimie, Plasturgie, ac2p2013@gmail.com, 233 40 45 29/694 03 85 95
ACAM VIE S.A, Monsieur Aymric A. KAMEGA KAMEGA (Président), DOUALA," Bonanjo, Rue de la Motte Piquet, Face Sitabac", Assurances Vie, service.clients@acamvie.com, 679 453 227 / 683 945 617
ACE (African Consulting Entreprise), Monsieur Benoît ATANGANA ONANA(Directeur général), DOUALA," Akwa, immeuble Erns&yong, face direction orange", Cabinet conseil, baoace@yahoo.fr, 233 42  81 12/ 696 17 98 57
ACTIVA ASSURANCES, Monsieur  Richard LOWE(Président directeur général), DOUALA, Akwa," Assurances vie, voyage, santé", activa.assur@group-activa.com, 233 43 45 05 / 233 50 13 00
ADDAX PETROLEUM CAMEROON Ltd, Monsieur Roger BEAUMONT(Président Directeur Général), DOUALA, Zone portuaire -Youpwe, Exploitation et Production pétrolière, philomen.edjimbi@cm.addaxpetroleum.com, 233 43 57 00
ADIC (African Distilling Company SA), Monsieur NOUCTI Tchokwago (Président directeur général), DOUALA, Bonabéri, Producteur d'alcool et liqueurs, adic2@yahoo.fr, 233 39 15 84 / 233 39 15 86
AFRICA BUSINESS CENTER, Monsieur Désire  MAKAN II (D.G), YAOUNDE," Yaoundé, Intendance, face Tribunal militaire", Conseils en gestion d'entreprises, contact@africa-business-centers.com, 237  243 566 250  / 237 243 778 193
AFRICA PREMIUM CONSULTING, Monsieur Victor Marie FOTSO, DOUALA," Bali, Rue Prince Bell", Conseil en commerce international, africa.hstandards@gmail.com, 243088080
AFRICA WORKS, Madame Anne Hermine NGO MAHOP (D.G), YAOUNDE, Avenue Manga Bell," Entretien et Nettoyage, Espaces verts", africaworks2006@yahoo.fr, 233421731
AFRILAND FIRST BANK, Monsieur Alphonse NAFACK(Directeur général), DOUALA," Yaoundé, Hypodromme, face Hôtel de ville", Services bancaires, firstbank@afrilandfirstbank.com; nafalph@yahoo.fr, 233426800/233421499/ 222 23 91 56 /2 22 23 63 27/222 23 30 68
AFRIMAR S.A., Monsieur Jean MELI(Administrateur Directeur général), DOUALA," Bonanjo, messapresse"," transit,manutention,commission de transport, commission en douane agrée, logistique", afrimarsa@afrimarsa.com, 233 43 76 21/233422471/233422473
AFRIQUE AUDIT CONSEIL, Monsieur Chrétien TOUDJUI POUANSI (Directeur Général), DOUALA," AKWA, Immeuble SOCAR, P. 404, entrée C", Audit-Expertise Comptable-Conseil, contact@aacbti.com, 233 42 21 03
AFRO PETRO & BUSINESS SOLUTIONS, Monsieur TCHOUKA SINGUE Arron (Directeur Général), DOUALA," Bessengue feu rouge, 5ème étage Immeuble Azzicul", Conseils et études en industries extractives, enquiries@afropbs.com, 233416348
AG PARTNERS CAMEROUN PUBLICIS AFRICA GROUP, Monsieur Mathias NGAKO(Gérant/Associé), DOUALA," Bonapriso, rue koloko", Agence conseil en communication, mathias.ngako@ag-partners.com/  info@-partners.com, 233 42 22 14
AGGREKO CAMEROUN Ltd, Monsieur Marc VATEL(Directeur général), DOUALA," Zone portuaire, entrée nord", Distribution générale -Energie- Location, line.tcheng@aggreko.ae, 678 26 56 95
AGPC (Association pharmaceutique des grossistes du Cameroun), Monsieur Prosper HIAG(Président), DOUALA, Face Direction générale ORANGE - Rue à côté de la station Total - même local que Graphic Industries, Pharmaciens grossistes, prosperhiag@yahoo.fr, 233 43 42 29/ 675 29 51 30/ 699 78 65 44
AGROCHEM, MONSIEUR IMAD MOUSSA SAID (Directeur Général), Douala," Akwa,ru e Joffre, face CFAO Technologie", Commercialisation des Intrants agricoles," agrochem.cm@gmail.com, agrochem.cm@gmail.com", 233425871
AIGLE VOYAGES, Madame Jeanne Bernadette Sangang (Directeur Général), DOUALA," Akwa, Rue des écoles, Face Idéal, plaque murale n°548"," Vente billets d'avion, bureau de change, tourisme"," bjeanne.sangang@aigle_voyages.com , sabetty@yahoo.fr", 699 91 25 89
AJC GRAPHIC, Monsieur Joël Merlin YOUMBI(Directeur général), DOUALA, Akwa," Imprimerie, prestation de services", info@ajcgraphic.com, 233 42 26 01 / 233 43 39 12/233 43 39 16
AKWA PALACE, Monsieur Olivier SOHAINGl (Directeur Général), DOUALA, Akwa," Hôtellerie, restauration", contact@hotel-akwa-palace.com, 233 42 08 08 / 233 42 08 10/233 42 74 78
ALIOS FINANCES CAMEROUN, Monsieur Georges Fotso (Directeur général), DOUALA," AKWA, à coté du Centenaire"," Crédit automobile, Crédit bail, location longue durée, le petit équipement, lease back", cameroun@alios-finance.com, 233 50 20 00
ALLIANZ CAMEROUN, Monsieur Olivier MALATRE (Directeur Général), DOUALA, Bonanjo, Assurances dommages et assurances vie, allianz.cameroun@allianz-cm.com, 233 43 98 83
ALM CONSULTANTS, Monsieur Roger LOCK(Président directeur général), DOUALA," Akwa, face immeuble Kadji, derrière Tsekenis", Cabinet conseil en QHSE, alm@almconsultants.com, 233 39 19 79 / 233 39 48 33
ALPICAM (Alpi Pietro et Fils Cameroun Sarl), Monsieur Giorgio GIORGETTI (Directeur général), DOUALA, Bonaberi," Placages déroulés, Contreplaqués, Débités, Grumes", giorgio.giorgetti@alpiwood.com, 233 50 30 00 (dla) 233504400 (edea)
ALUCAM (Aluminium du Cameroun), Monsieur Alain MALONG(Directeur général), DOUALA," Akwa, face immeuble Kadji, derrière Tsekenis", Lingots et Plaques d'aluminium, communication.alucam@groupealucam.com, 677703224
AMD Sarl (Aciers et Métaux Divers), Monsieur Michel KAMGUE (Directeur Général), DOUALA," Zone Portuaire Nord, base Elf derrière TAC, vers Frielander", Commercialisation matériaux de construction, amd@aciersetmetaux.com, 233 42 96 12 / 233 42 31 97/ 699 89 09 29 / 677 70 75 10
APAVE CAMEROUN, Monsieur François VANDENABELE (Directeur Général), YAOUNDE, Akwa," Conseil en organisation et RH, recrutement et gestion des carrières et des compétences, formation professionnelle, contrôle de construction, conseil en QHSE-Métrologie", apave.contact@apavecameroun.com, 222 23 54 01
APECCAM (Association Professionnelle des Etablissements de Crédit du Cameroun), Monsieur NAFACK Alphonse(Président), DOUALA, Immeuble Afriland Yadouné, Etablissements de crédit, apeccam@camnet.cm, 233434777
APM SA (Agence de Prestations Maritimes), Monsieur Gabriel MANIMBEN(Directeur général), DOUALA," Bonanjo, Zone portuaire"," Prestations maritimes, Transit et acconage", info@apmmaritime.com, 233 43 81 97 / 233 43 82 32
AREA ASSURANCES, Monsieur Jacob SINDZE(Directeur général), DOUALA," Akwa, rond point salle des fêtes", Assurances et réassurance, area@areaassurance.com, 233 42 06 68 / 233 42 07 02
ASAC (ASSOCIATION DES SOCIETES D'ASSURANCES DU CAMEROUN), Monsieur Théophile Gérard Moulong(Président), DOUALA," Akwa , Locaux CPA, face immeuble socar", Assurances, asac_douala@yahoo.fr, 233 43 11 45 /233 00 70 89
ASCESE, Madame Mireille FOMEKONG(Gérante associée), DOUALA," Akwa, derrière Banque PME", Communication et Marketing, ascesecom@yahoo.fr, 233 42 08 39/233 42 65 33 / 233 42 80 80
ASCOMA CAMEROUN, Monsieur Philippe BETI (Directeur général), DOUALA," Akwa, À coté MTN", Intermédiaire  d'assurance, cameroun@ascoma.com; grace.mbongo@ascoma.com, 233 37 36 01 / 233 37 18 66
ASQUINI ENCORAD, Monsieur Michel NGAPANOUN(Président directeur général), DOUALA," Bassa, à coté Hysacam", Bâtiments - Travaux Publics, info@asquini-encorad.com, 233 42 71 59
AT GRAPHILINE INDUSTRY, Augustin TEKAM (DG), Douala," Ancienne route Bonabéri, quartier Bonamikano"," Imprimerie, conception, édition, sérigraphie, flexographie, signalétique", graphiline@yahoo.fr / graphiline@at-graphiline.com, 243 89 88 54 / 651 80 49 28
ATLANTIQUE ASSURANCES CAMEROUN-IARDT, Monsieur Norbert NGNIWAKE (Directeur Général), DOUALA, Bonanjo Ancien immeuble SAGA, Opérations d'Assurances, contact@atlantiqueassurances.com, 233 42 04 34/ 233 42 48 96/ 233 42 05 06
AUDITEC FOIRIER CONSULTING S.A, Monsieur Michel KANGMENI YOSSA(Directeur général), DOUALA," bonabérie, zone industrielle"," Expertise Comptable, audit et commissariat aux comptes, Assistance juridique et fiscale", info@auditechc-foirier.com, 233 41 49 56/ 677 42 12 59
AURORE  METAL INDUSTRY Sarl, Monsieur Serge YEMGA TCHOUKWI (Directeur général), DOUALA," Makepe, Face entrée chefferie Missoke", Construction métallique, auroreservicesexpress@yahoo.fr, 237 233 425 586
AUTOHAUS S.A., Monsieur Christian KOUAM DZUKOU(Diercteur général), YAOUNDE," Akwa, face Lycée Technique"," Concessionaire automobile, commerce des pièces de rechange, garage", contact@autohaus-cameroon.com, 222 23 73 16 / 222 23 73 17
AUTORITE PORTUAIRE NATIONALE, Monsieur Josué YOUMBA(Directeur général), DOUALA," Hypodromme, Unicef", Supervision du secteur portuaire, apn@camnet.cm,"  699915733, 699635965"
AWEP (African Women Entrepreneurship Program), Madame Caroline SACK KENDEM (Présidente), DOUALA," Bonapriso, Collège des Nations", Association de promotion de l'entreprenariat féminin," info@awepcameroon.org, vansteph04@yahoo.fr", 233 42 31 59 / 233 42 62 71 / 233 42 67 72
AXA ASSURANCES CAMEROUN, Monsieur Thierry KEPEDEN(Directeur général), DOUALA," AKWA, derière galerie perissac", Assurances, axa.cameroun@axa.cm, 233 42 88 88/ 233 43 62 05
B&C (BRAND & CONSUMERS), Monsieur Gabriel  KOUENI(Directeur Général), DOUALA, Bonapriso, Agence conseil en communication et marketing," care@brandandconsumers.com, codi@brandandconsumers.com", 233421066
BANQUE ATLANTIQUE CAMEROUN, M. Daniel TOURE (D.G), DOUALA," Akwa, boulevard de la liberté", Banque, contact_cemac@bat.com, 233 42 16 52/ 233 42 16 39
BAT CAMEROUN, Monsieur OKECHUKWU AGUORU (Directeur général), DOUALA," Bonapriso, à côté FEICOM", Importation et distribution de tabac, battransit@camnet.cm, 233 42 61 55/233 43 28 03
BAT TRANSIT AND SERVICE Cie, Monsieur Jean Blaise DJOUOKOU(Président Directeur général), YAOUNDE," Akwa, carrefour anatole, au niveau du drain"," Transit, transport, formation et services divers", b_beyokol@hotmail.com, 222 20 79 55/ 699 68 34 44
BB VISION, Monsieur BEYOKOL Bernard(Président Directeur général), DOUALA," Yaoundé, Nouvelle route Omnisport. Douala, Akwa, 2 églises, face Guarantee Express"," Conseil en management vision strategique, coaching, pilotage des affaires, formation, encadrement, marketing et finance, audit système d'information et de management, support de comprehension des TIC"," beneficial@groupbeneficial.com, bli@beneficial.com", 233 42 23 07 / 233 42 23 08 / 233 42 23 44/233 42 86 77/33 42 77 54
BENEFICIAL LIFE INSURANCE S.A, Monsieur Eddie F. BROWN(Directeur général adjoint), DOUALA," Akwa, Mobil bonakouamouang", Assurances, beryo.international01@yahoo.fr, 233 43 27 63
BERYO International, Monsieur Bernard YOSSA(Directeur général), DOUALA," Akwa, 22 Rue Foch", services d'assainissement, contactbgfi@bgfi.com, 233 42 64 64
BGFI BANK CAMEROUN, Monsieur ABAKAL MAHAMAT (Directeur Général), DOUALA, Bonanjo, Banque et Finance, info.cmr@biagroup.com, 233 39 76 20/ 233 39 76 21
BIA Cameroun S.A., M. Thomas CRABETT (Directeur Général), DOUALA," Bassa, ndokoti, face Saker", Distribution Véhicules Utilitaires Automobiles, bicec@bicec.com, 233 42 88 43 / 233 42 84 27 / 233 42 85 76
BICEC, Monsieur ROCHDI SANHAJI (Directeur général), DOUALA, Bonanjo," Services bancaires, opérations de banque et finances", biotropical@biotropical.com, 233 39 32 96
BIOTROPICAL, Monsieur Ludovic MINOUE(Directeur général), DOUALA," Bonabéri, ancienne route (Point franc)"," AGRICULTURE, Agro-Industrie"," blessingpetro@blessingpetroleum.net, amedee.tchanpga@blessingpetroleum.net", 233 405271
BLESSING PETROLEUM SA, Madame Hélène NGO MBUS DENGOUE (Directeur général)   DENGOUE FANSI Paul F (PCA), DOUALA," AKWA, IMMEUBLE TMC, avant Hôtel le Ndé", Distribution des produits pétroliers, bocominter2002@yahoo.fr, 233 43 48 44 /233 39 16 16/696 63 00 43
BOCOM INTERNATIONAL, Monsieur Dieudonné BOUGNE(Gérant), DOUALA," Akwa, (DG) avant pharmacie des hopitaux; Bonaberi (dir tech),", Traitement et incinération des déchets divers, bollore.africa-logistics.cm@bollore.com, 233 50 12 12
BOLLORE TRANSPORTS & LOGISTICS CAMEROUN, Monsieur DIOP MOHAMED (Directeur Général), DOUALA, Bonanjo," Transit, transport, logistique, manutention, consignation, agence de voyage, entreposage, courrier et colis express"," bps_sarl11@yahoo.fr, commercial.bpsgroup@gmail.com"," 233 43 69 70, 233 42 85 51"
BOLUDA Cameroun, Monsieur Hervé LEFEVRE (D.G), DOUALA," Bonanjo, Av De Gaule, face CRTV, 1er étage Im à carreaux blanc",  Remorquage et sauvetage maritimes, contact@brainconsulting-bc.com, 243 60 50 00
BPS (BUSINESS & PARTNERS SERVICES SARL), Monsieur TCHOUALANG TCHUISSI Guy Gaetan 'Président), DOUALA, Akwa," Monétique, Bureautique, Informatique", bettina@buetec-broderie.com, 696420201
BRAIN CONSULTING, Monsieur Henri MOUTALEN MOUTASSI (Associé Gérant), DOUALA," Bonanjo, Tour du Wouri, à côté BEAC", Conseils Juridiques et fiscaux, societe.buns@yahoo.com, 699 50 40 12/233 43 39 36/233 43 70 19
BUETEC BRODERIE SARL, Madame Bettina Guemto-MICHAELIS(Gérant), YAOUNDE," Akwa, carrefour Emilie Saker"," production tee-shirts+polos, broderie industrielle, sérigraphie, confection tenues de travail, sacs, porte-documents, sacoches, casquettes", cabinet.bg@gmail.com, 222315275
BUNS (SOCIETE BUNS), Monsieur Eric NJONG(Directeur général), YAOUNDE," Yaoundé, Mvog Betsi", Travaux routiers, contact.cmr@bureauveritas.com, 242090300
BUREAU DE GESTION, Monsieur Jean-Claude EBE-EVINA (Directeur Général), DOUALA," Bastos, derrière Laboratoire MEKA", Expertise et Ingénierie Finanicère, ol_behle@yahoo.fr, 699 50 31 04
BUREAU VERITAS DOUALA, Monsieur Mathieu GRATINI  (Directeur Général), DOUALA,"  Zone portuaire sud, messapresse", Bureau de contrôle Technique, cabinet@cabinetnyemb.com, 233 42 44 86 / 233 42 44 88
CABINET BEHLE ET ASSOCIES, Monsieur Olivier BEHLE(Directeur général), DOUALA, Akwa," Cabinet conseil en droit des sociétés, droit fiscal, droit social"," sa2_ousmanou@hotmail.com, ousman_z@cadev-afrique.org, cadev@cadev-afrique.org", 233433923; 233434141
CABINET NYEMB, Maître Jacques  Jonathan NYEMB (Directeur Général), YAOUNDE," Bonanjo, 227, Rue Hotel de ville", Cabinet d'Avocats, info@camair-co.net, 242 094552
CADEV (CENTRE AFRICAIN POUR LE DROIT ET LE DEVELOPPEMENT), Monsieur Sadjo OUSMANOU (Président), DOUALA," TSINGA, face entré second Palais congrès", Prestations de services juridiques, ldemez@cfao.com, 233505555/233505556
CAMAIR-CO SA, Monsieur Louis Georges NJIPENDI KOUOTOU (Directeur Général), DOUALA," Akwa, Immeuble la Rotonde", Transport aérien," Ldemez@cfao.com, aferrer@cfao.com", 699 36 58 17
CAMDA (Camerounaise de Distribution Alimentaire, Monsieur Luc DEMEZ(Directeur général), DOUALA," Bonanjo, Vallée des Ministres", Commerce général, boumdago@yahoo.fr, 663 14 53 95 / 661 30  27 35
CAMDA (Camerounaise de Distribution Alimentaire), Monsieur Luc DEMEZ (Directeur Général), Douala," Bali,  Rue des manguiers Batiment l'Elisabeth", Commerce Général, contact1@cas-assistance.com, 233 42 14 14/ 233 42 15 15
CAMEROON TEA ESTATES (CTE), M. Baba Ahmadou Danpullo (PCA) – M. Dagobert Boumal (DG)(), DOUALA, Bassa - Ndogsimbi, Production et transformation de thé, cacinternational@cac-international.com, 233 43 01 76; 699 80 01 51
CAMEROUN ASSISTANCE SANITAIRE, Monsieur Néjib SOUSSIA(Directeur général), DOUALA, Bali 493 Rue Koumassi-Bali," Assistance sanitaire aux entreprises et aux particuliers -, évacuations sanitaires et organisation des soins au Cameroun et à l'étranger", eugolini@cfao.com; cami@cfao.com, 233 39 80 56 / 233 39 76 55 / 233 39 06 96 / 233 39 77 74 / 677 11 24 19 / 699 68 32 59
CAMEROUN AUDIT CONSEIL," Monsieur Jérôme  MINLEND (Président directeur général), Coretta MINLEND(Secrétaire générale)", DOUALA," Bonanjo, 6ème étage Tour CNPS"," Audit, Commissariat aux comptes, Conseil Juridique et fiscal, Assistance aux PME - Conseil en Organisation", rkamga@camlait.com; pltoukam@camlait.com; gbfotso@camlait.cm;, 233 37 44 60 / 233 37 28 05
CAMI TOYOTA, M.Pascal Louchelart(Directeur général), DOUALA," Bonabéri, zone industrielle", Concessionnaire automobiles  - Pneus - Motos - Otis - Motorola - Téléphone, courrier@camrail.net, 233 50 26 00/ 233 50 26 02
CAMLAIT, Monsieur Paulin Landry TOUKAM ZUKO(Président directeur général), DOUALA, Bassa Dogbong," Production et distribution de yaourt, lait instantané, margarine,spécialité au soja", info@camtechgroup.net," 243671434, 693297344"
CAMRAIL, Monsieur Pascal MINY (PCA) / Monsieur Jean-Pierre MOREL (Directeur général)(), YAOUNDE, Bessengué, Transport ferroviaire, sales@camtrack.net, 233 43 76 14
CAMTECH Sarl, Monsieur François Xavier AMOUGOU (Directeur Général), DOUALA, Mbog-Abang," Services Télécom, informatique, électricité", canalplus.cameroun@canal-plus.com," 233429684, 690718044"
CAMTRACK, Monsieur Hilaire TINEN(Directeur général), DOUALA," Bonapriso, dépôt guiness"," Gestion de flotte (GPS), Systèmes d'alarmes, Contrôle d'accès et gestion de temps, vidéo surveillance, télécoms"," sarah.bakanesimo@diageo.com, rmfondja@sabc-cm.com", 233 50 33 33 / Service client 8556
CAMWATER, Monsieur Gervais BOLENGA (D.G), DOUALA, Koumassi," Production, transport, distribution, et commercialisation d'eau potable", ag@capicameroun.com," 676941113, 695011584"
CANAL + CAMEROUN, Monsieur Paul TAMBA ZAPO  (Directeur Général), DOUALA," Bonanjo, voirie municipale,immeuble Grassfields", Télécommunications, cb-cameroun@groupecommercialbank.com, 233 42 42 89
CAPA (Cameroon Alcohol Producers Association),  Monsieur ANDREW ROSS (Président), Douala, Rue Vasnitex - Bonapriso, Association des opérateurs des boissons alcoolisés, cca@afrigroupe.com /  cca@cca-bank.com, 233 42 02 02
CAPI CAMEROUN, M. Ephreim Tchakounte (PDG)(), DOUALA, Bonanjo, Pesage industriel, info@cdc-cameroon.com, 222 22 13 87 / 222 23 89 08
CBC (Commercial Bank of Cameroon), Monsieur Léandre DJUMMO(Directeur général), YAOUNDE," Boulevard Rudolph Manga Bell, Mokolo", Services bancaires, cecotram2002@yahoo.fr, 233 33 22 51/677 72 10 49
CCA-Bank S.A (Crédit Communautaire d'Afrique - Bank S.A), Monsieur André Alexis MEGUDJOU (DG), DOUALA, Bota, Banque, info@cenainvest.com; danielle.fouda@cenainvest.com," 233430454, 222305411"
CDC (Cameroon Development Corporation), Monsieur Francklin NJIE NGONI(Directeur général), DOUALA," AKWA, Immeuble Decage", Agro-Industrie, cse_97@yahoo.fr/ csemosenjebayi@yahoo.fr, 222 23 32 95/677 93 60 67
CECOTRAM Sarl, Monsieur Jean-Pierre ENDOBO (Directeur Général), YAOUNDE," Yaoundé, Avenue des banques,immeuble banque atlantique", Commerce Général, technologies@cfao.com, 233 43 33 64 / 233 15 78 18/ 699 91 11 39
CENTRAL AFRICA INVESTMENT S.A. (CENAINVEST S.A.), Monsieur Albert Florent BENGALA(Directeur général), DOUALA, Rue NJO NJO Bonapriso, Capital Investissement/Advisory Services/Marchés Financiers, centredegestionagreecopme@gmail.com / alain.coutchang@yahoo.fr, 233 43 43 86 / 233 42 91 42 / 233 42 01 48 / 233 43 41 37 / 33 43 41 38
CENTRE SERVICES EXPRESS, Monsieur Moselly NJEBAYI(Directeur général), DOUALA, Akwa," Prestation de services, transit, logistique, négoce", cgmaudit@yahoo.fr, 242020567 / 679539393
CFAO TECHNOLOGIES, Monsieur   Joêl ROUX(Directeur général), DOUALA, Yaoundé," Conception, réalisation et commercialisation des logiciels, ordinateurs, services et conseils", chanas@chanasassurances.com; mouloki@chanasassurances.com, 233 43 95 98/ 233 02 27 42
CGA CoPME (Centre de Gestion Agrée - Confédération des Petites et Moyennes Entreprises), Monsieur Alain BOUTCHANG (Président exécutif ), DOUALA," Akwa, immeuble socar"," Accompagnement des PME, Aide au développement dans le domaine de la gestion"," chococam@chococam.net; calixte.mbella@chococam.net, contact.chococam@tigerbrands.com", 233 42 14 74
CGM/ G.K.M AUDIT et CONSEIL, Monsieur Joseph TCHOUBET(Directeur général), DOUALA," Bonanjo,"," Expertise comptable; commissariat aux comptes; audit financier  et operationnel; système d'information et organisation informatique, Conseil et Gestion", info@pallisco-cifm.com, 233 37 66 80 / 233 37 60 61/233 37 29 03
CHANAS ASSURANCES S.A., Monsieur Aloys Abanda Abanda(Directeur général), DOUALA," Bassa, à coté UCB", Compagnie d'Assurances, youssef.maddoun@cimentsafrique.com, 233 42 54 16/ 233 43 36 98/699 68 14 21/ 677 70 74 17
"CHOCOCAM (Chocolaterie, Confiserie du Cameroun)", Monsieur NDIAYE MOUHAMADOU(Directeur général), DOUALA," Bonanjo, 478, avenue des cocotiers, après consulat France", Production de chocolat et Confiserie, contact@cimencam.lafarge.com; nathalie.bayo@lafarge.com;, 233890080
CIFM- PALLISCO, Monsieur Paul LAGOUTE (Directeur Général), DOUALA," Bonabéri, Zone industrielle", Exploitation forestiere; scierie; raboterie, yinilah.ndahne@citigroup.com, 233 39 74 37 / 233 39 11 19 / 233 39 03 20 / 233 39 11 94
CIMAF (Ciments de l'Afrique Cameroun), Monsieur Arnous ABDELADIM (Directeur Général), DOUALA, Bonabéri, FABRICATION ET COMMERCIALISATION DU CIMENT, commercial@clgg-cm.com; agencies@clgg-cm.com, 233 42 35 12 / 233 42 42 72
CIMENCAM (Cimenteries du Cameroun), Monsieur Benoît GALICHET (Directeur général), DOUALA, Bonanjo, FABRICATION ET COMMERCIALISATION DU CIMENT, dlo.agency@cma-cgm.com, 233 42 20 14 / 233 42 19 27 /233 42 19 31 / 233 42 90 63
CITIBANK OF CAMEROON, Monsieur Gordon ACHA (Directeur général), DOUALA," Bonanjo, Centre des affaires maritimes", Services bancaires, info@cncc.cm, 233424965
CLGG (Consignation et Logistique du Golfe de Guinée), Monsieur Bernard André NDENGUE(Directeur général), DOUALA, Zone des professions maritimes," Transport maritime, affrêtement, consignation, transit, manutention, remorquage portuaire, dragage, agence de voyage", CNIC@cnicyard.com ;  enquiries@CNICyard.com, 233 43 67 67
CMA CGM CAMEROUN, Thibaut De Lardemelle (D.G), DOUALA," Bonanjo, mmeuble camship", Consignataire de navires, coface_westafrica@coface.com, 233 40 15 60 / 233 40 34 88 / 233 40 47 71
CNCC (Conseil National des Chargeurs du Cameroun ), Monsieur Auguste MBAPPE PENDA(Directeur général), YAOUNDE," Bonanjo, Base Elf", Conseil et Assistance aux Chargeurs, cogenicam@cogenicam.com, 233 42 51 53
CNIC (Chantier Naval et Industriel du Cameroun S.A.), Monsieur Alfred FORGWEI MBENG(Directeur général), DOUALA," Bonanjo, à côté ONCPB, immeuble IBAN, 4e étage"," Réparation navale, agence en consignation, travaux pétroliers Onshore/Offshore, réhabilitation des plateformes pétrolières", Ghislaine_likeng@colpal.com; emmanuel_sikonte@colpal.com, 233 42 47 03
CNPS, Monsieur Noël Alain MEKOULOU MVONDO  AKAME (Directeur Général), DOUALA, Akwa-Camp Yabassi-Face Station MRS, Prévoyance et sécurité sociale," richard_fowang@colpal.com, paul_baki_baki@colpal.com", 233 50 10 00
COFACE WEST AFRICA (Compagnie Française d'Assurance pour le Commerce Extérieur), Monsieur Carmine MANDOLA (Directeur des Opérations Afrique et Moyen Orient), DOUALA," Akwa, Immeuble Activa", Assurance et commerce extériueure, cometal@tafinvestment.com, 233 50 10 00
COGENI CAMEROUN SARL, Monsieur André OUAMBO(Président), DOUALA," Akwa, Immeuble Activa", Commerce général -Import - Export, secretariat@cinpharm.net, 233 39 18 56
COLGATE PALMOLIVE CAMEROUN, Monsieur Davis KANYAMA(Directeur général), DOUALA," Bonabéri, Zone industriellle", Vente des produits de consommation, info@cfpcsl.com, 233  47 29 66
COLGATE PALMOLIVE CAMEROUN, Monsieur Richard FOWANG (DG), Douala, Makepe, Vente des produits de consommation, info@cfpcsl.com, 233 41 90 57
COMETAL," M. Stanislas Kouala (Directeur général), M. Olivier Fotso (Directeur général adjoint)()", DOUALA," Ndogbong, Derrière Camlait"," Construction metallique, maintenance industrielle et petrolière, maintenance gazière et minière, conception et fabrication des charpentes, bacs, cuves, fabrication des équipements roulants (semi-remorques, bennes, grumiers, porte-engins, citernes)", ghtchente@conseilsfiscauxassocies.com ; ghtchente@yahoo.fr, 233 41 90 57
COMPAGNIE INDUSTRIELLE PHARMACEUTIQUE (CINPHARM), M. Célestin Tawamba (PCA) - Mme. Sara Masmoudi  (DG)(), DOUALA," Ndogbong, Derrière Camlait", Fabrication de médicaments, cpasiege@yahoo.fr, 233 42 70 15
CONSEILS ET SUIVIS LOGISTIQUES, Monsieur Guy Roméo NGANGNANG (DG), DOUALA," Bonanjo, face Radio", Formation professionnelle des conducteurs en engins lourds, creative.sarl@yahoo.fr; marc.djoumessi@creativesarl.net;, (237) 2 33 50 28 00
CONSEILS ET SUIVIS LOGISTIQUES, Monsieur Guy Roméo NGANGNANG (DG), DOUALA, 164 Rue Toyota (Rue 1.239) Bonapriso, Formation professionnelle des conducteurs en engins lourds," ecpc@creditpopulairecm.com,  dgecpc@creditpopulairecm.com, president@creditpopulairecm.com, mediesse_emilie@creditpopulairecm.com", 233 43 43 81 / 233 43 43 82
CONSEILS FISCAUX ASSOCIES, Monsieur Guy Honoré TCHENTE(Directeur général), DOUALA," Akwa,  Face Parfait garden", Conseils fiscaux, info@croplife-cm.org, 233 42 70 30
COTCO S.A. (Cameroon Oil Transportation Company), Monsieur Johnny MALEC(Directeur général), DOUALA," Akwa, Face direction orange"," Construction, exploitation et entretien du pipeline Tchad-Cameroun", gab.sotexcam@yahoo.com, 699 00 04 81
CPA (COMPAGNIE PROFESSIONNELLE D'ASSURANCE DU CAMEROUN), Monsieur Raphaël FUTE(Président directeur général), DOUALA," Rue Mermoz (Akwa), Derrière immeuble BGFI", Assurances, accounting.secretary@ctccm.com, 233 39 23 74
CREATIVE SARL, Monsieur Marc DJOUMESSI(Directeur général), DOUALA," Bonabéri, locaux Fimex", Vente de matériel Informatique, camwomen2015@gmail.com, 233 37 00 26/ 233 22 05 91
CREDIT POPULAIRE (Société Coopérative d'Epargne et de Crédit), Monsieur Lazare Kouokam Tamga (PCA), DOUALA, Zone Industrielle, Epargne et crédit, decoralia.events@yahoo.fr, 672158817
CROPLIFE CAMEROUN, Monsieur Jean BIAKATH (Président), DOUALA," Akwa, Bld Ahmadou Ahidjo, Mobile Bonakouamouang", Défense des intérêts de l'industrie phytosanitaire, infocameroun@deloitte.com, 650 83 26 12 / 693 01 69 39
CTA- SOTEXCAM S.A, Monsieur VIJAYA KUMAR GIDUTHURI(Directeur général), DOUALA," Bonapriso, Rue UTA, Immeuble Bonadouma Home, RDC"," Textile, Teinture", diabemoise@hotmail.fr, 233425443
CTC (CAMEROUN TOBACCO COMPANY), Monsieur MENGOT TABI TAMBE AMBANG Robinson, DOUALA," Bonanjo, CNPS Tower 8th floor", Commercialisation de cigarettes, detaenergy_sarl@yahoo.fr, 233 42 55 59/ 233 43 64 36
CWEN (Cameroon Women Entrepreneurs Network), Madame Marie Caroline Kingue (Présidente), DOUALA, Bali (Rue Dikoume Bell), Activité: Association (Promotion et défense des intérêts des femmes chefs d'entreprise), ousmanou.kouotou@dhl.com;, 2 33 42 74 14/6 99 31 72 89/ 6 79 76 54 53
DECORALIA, Madame Léonie KWEKAM (Directeur Général), DOUALA, Ndongbong (face ISTAM)," Evénementiel, location du matériel de décoration", dgfcm.cs@dhl.com, 233 41 51 11/233 20 20 01
DELOITTE, Monsieur Nemesius  MOUENDI MOUENDI(Associé), DOUALA," Bonanjo, face Yoomee"," Audit, comptabilité, conseil juridique et fiscal, conseil financier, conseil en système d'information", talom_justin@justawe.com," 233 42 36 36, 233500900"
DELTA INDUSTRIES INTERNATIONAL S.A., Monsieur Moïse DIABE(Président Directeur général), DOUALA," Bonanjo, 22, Rue Pierre Loti", Import -Export du Cacao et Café, ebtpbat@yahoo.fr; infos@djemo.cm, 233423872
DETAENERGY, Madame Louise Laure TALA KUATE(Directeur général), YAOUNDE, Yaoundé," Production d'énergie, placement", infos@my-dohone.com, 222 74 34 47 / 698 00 36 22
DHL EXPRESS, Monsieur OUSMANOU KOUOTOU (Directeur général), YAOUNDE," Yaoundé, mfou", Messagerie de transport, dovvcam@yahoo.fr, 222 01 86 11
DHL GLOBAL FORWARDING, Madame Véronique EBENYE EPANGUE (D.G), YAOUNDE, Etoa-Méki," Transport, Fret, Transit maritime", mbalkam@yahoo.fr, 243265918
Dino & Fils S.A., Monsieur Justin TALOM(Directeur général), YAOUNDE, Yaoundé, Sciage bois et exportation, hadidjatou.goggo@globeleq.cm, 2 22 20 43 02
DJEMO BTP, Monsieur Clovis NOUMSI DJEMO(Directeur général), DOUALA," Akwa, Boulevard République (face Comeci )", BTP, infos@dreamevent.biz, 699 39 14 60/233 42 97 52
DOHONE SA, Monsieur Wilfried NGAH (Directeur Général), DOUALA," Bali, Rue Bertaut", Agrégateur de paiement numérique, d.bouchval@bouygues-construction.com, 23343 00 35
DOVV Distribution Sarl, Monsieur  Philippe NOUBISSI TAGNE(Directeur général), DOUALA," Akwa, rue des écoles", Commerce général, experience@easygroup.agency, 672679689
DOWNSTREAM CONSULTING SA, Monsieur Patrice MBALLA(Président directeur général), YAOUNDE, Yaoundé," Conseil en distribution des produits pétroliers, gérance en mandat de station services, études et audits d'impact en environnement, placement du personnel temporaire", eca_sa@hotmail.com, 222 21 04 67
DPDC (DIBAMBA POWER DEVELOPMENT COMPANY), Monsieur Frédéric Didier MVONDO (Directeur Général), DOUALA," Bali, face super U", Production d'électricité," michel.toguem@ecoassurances.com, boniface.malapa@ecoassurances.com","  679164853, 695385040"
DREAM EVENT, Madame Jocelyne DIKOUME(Directeur général), DOUALA," Bonapriso, face castell hall", Prestation de services Evènementiel, ecobankcm@ecobank.com; mfall@ecobank.com, 233 42 94 50 /233 42 97 57
DTP CAMEROUN, Monsieur Daniel BOUCHVAL(Directeur général), DOUALA," Akwa, Rue Drouot  à côté DG MTN"," Terrassement, assainissement, génie civil, chaussée et voirie", contact@ecta-btp.com, 233 42 92 41/233 42 92 18
EASY PRINT, Monsieur Jesse Happy NDONGO (D.G), DOUALA, Bonanjo, Marketing et événementiel, p_marelis@yahoo.fr; edoketer@yahoo.fr;, 233 43 85 43/233 43 82 50 / 233 43 82 51 / 699 98 29 79
ECA-ERNST & YOUNG, Monsieur Jean TIENTCHEU(Directeur général), YAOUNDE," Elig-Essono, imm ancien Fonader"," Audit et conseil; tax & legal, TAS (transaction advisory services)", anda@efab-corporate.com, 222 22 00 87/222 22 04 65
ECO -ASSURANCES, Monsieur Michel TOGUEM(Directeur général), DOUALA, Akwa, Courtage d'assurance et de réassurance, ejongl@camnet.cm; egeccameroun@yahoo.fr, 233 42 69 25 /233 42 29 08
ECOBANK CAMEROUN, Mme. Gwendoline Abunaw(Directrice générale), Yaoundé," Avenue Ahmadou Ahidjo, face Djeuga Appart, à coté de Merina Hôtel (3ème  étage)", Services bancaires, contact.egis-cameroun@egiscameroun.com," 222 22 31 11, 690 41 52 58"
ECTA-BTP (ETABLISSEMENTS CAMEROUNAIS DES TECHNICIENS ASSOCIES EN BATIMENT ET TRAVAUX PUBLICS ), Monsieur Pierre MELI(Directeur général), DOUALA, Akwa Rue Drouot (bano palace) imprimerie moderne, Etude de projet et contrôle des travaux en BTP," info@electro-plomb.com, electroplomb@gmail.com", 233 43 29 11 /233 42 31 24
EDOK - ETER CAMEROUN S.A., Monsieur Panogiatis MARELIS(Directeur général), YAOUNDE," Yaoundé, Hyppodrome", Bâtiment et travaux publics," etravel@hotmail.com, eltausa@yahoo.fr, litombo.litumbe@cm.hrgworldwide.com", 222 22 11 85
EFAB CORPORATE SARL, Monsieur Emile Franklin ANDA BILE (Directeur Général), DOUALA," Douala, Rue Dr Jeamot, fac ancienne porte Laquintinie"," Conseils en Finance, Informatique et Communication"," emploiservice@emploiservice.cm, emploi_service@yahoo.fr", 233431624
EGEC (Entreprise générale d'Etudes et de Constructions), Monsieur Lucien EYOUM JONG(Directeur général), DOUALA," Akwa, rez-de-chaussez immeuble Afriland Akwa"," Génie-civil , bâtiments, Second œuvre", secretariat@enem-cameroun.cm; secretariat.enem@yahoo.fr, 233 42 21 09 /233 43 23 85/ 222 23 27 70/ 222 23 66 73
EGIS CAMEROUN SA, Monsieur Thomas BIECHE(Directeur général), DOUALA," Bali, Immeuble complexe la Gr", Bureaux d'Etudes, alexandre.siewe@eneo.cm, 233 42 71 75/233 42 52 61
ELECTRO-PLOMB Sarl, Monsieur Séraphin LEUBOU KOLIOU (Directceur Général), DOUALA, Bonabéri," Etudes, Travaux électriques, Froid et climatisation", info@evolvingconsulting.com, 233 39 02 55
ELTA HRG Cameroun Sarl, Monsieur LITOMBO NJIE LITUMBE(Directeur général), DOUALA," Bonanjo, Avenue De Gaule", Transport et tourisme, secretariat@expertiz.cm, 233 42 54 44 / 233 42 47 14 / 233 42 15 53/233 42 24 44
EMPLOI SERVICE S.A., Madame Colette Jeannine MINKA(Directeur général), DOUALA, Zone industrielle BASSA, Placement et Gestion du personnel, info@expressexchange.net,  243663573
ENEM, Monsieur Jean Paul LOWE(Président directeur général), YAOUNDE," Yaoundé, Carrefour Intendance", Mécanique générale - chaudronnerie - construction metallique, info@expressunion.com; spdg@expressunion.net, 698 15 60 46
ENEO CAMEROUN S.A., Monsieur Eric MANSUY (Directeur Général), DOUALA," Ndogbong, ancienne usine Codilait"," Production, transport et distribution d'énergie électrique"," faceaurisque@yahoo.fr, faceauxrisques@faceauxrisques.cm", 233 43 82 15 / 677 50 57 13
EURO COSMETICS, Monsieur Arsène KAMENI MONKAM, DOUALA," Akwa, douche"," Production, conditionnement et distribution produits cosmétiques"," fafinsa@noubruholding.com, rebeccabehem@gmail.com", 222 20 22 60
EVOLVING CONSULTING, Madame Reine ESSOBMADJE(Directeur général), YAOUNDE," Yaoundé, Etoa-meki", Conseil et Services en Technologies de l'Information et de la Communication, fayadort@fayadort.com, 233 41 17 28/699 69 95 22
EXPERTIZ Sarl, Achille PRISO EKWA (Directeur Général)," Ndogsimbi, face ancien CNPS Bassa", T2, Ingénierie industrielle," fermencam@gmail.com, secretariat.fermencam@gmail.com", 222 21 09 98
EXPRESS EXCHANGE, Monsieur Xavier TAKAM(Président Directeur général), YAOUNDE," Yaoundé, Tongolo,face ancien binam"," Transfert d'argent, change manuel", fimex@fimex-international.com, 233 42 83 41/ 233 42 50 57
EXPRESS UNION, Monsieur Chares NGHOGUO(Directeur général), DOUALA," Akwa, Rue batoula", Envoi  et réception rapide d'argent, Infos@financialhouse.cm, 677 93 37 27/677 99 11 50
FACE AUX RISQUES PROFESSIONNELS, Monsieur Arséne ENOKA(Directeur général), DOUALA," Bonabéri, Zone industrielle, carrefour Mutzig", Métier d'incendie, damase.gnonhossou@firsttrustcm.net; guillaume.ebele@firsttrustcm.net, 233 39 23 74 / 697 89 61 31
FAFINSA, Monsieur Samuel NZALI(Directeur général), DOUALA," Bonabéri, locaux Croplife, Rail", Fabrication et commercialisation de fils pour mercerie et broderie," Sikamj@simad.cm, Info@simad.cm", 222 22 60 64
FAYADORT S.A., Monsieur Isaac FANKAM YAMAKO(Président directeur général), YAOUNDE, Place de l'hôtel de ville, Fabrication et vente des matelas en ressort et lits en bois, reine.tamo@aec-cm.com, 233 43 80 41
FERMENCAM (Société Camerounaise de Fermentations), Monsieur Pierre TCHINDA(Directeur général), DOUALA," Akwa, face Zepol", Distillerie; liquoristerie, floreservices@yahoo.fr, 233 61 00 64 / 233 42 08 29
FIMEX INTERNATIONAL SA, Monsieur Christian  FOSSO(Directeur Général), DOUALA, Akwa . Avenue King Akwa," Protection et nutrition des plantes, + Biotechnologies végétales", fme@tafinvestment.com, 699 82 20 82 – 242 98 40 30 – 243 84 30 70
FINANCIAL HOUSE S.A., Monsieur Ronald ZOCK MACHIA(Directeur général), DOUALA," Akwa, Rue Pasteur LOTTIN SAME (Rue Laborex – Derrière l’église Native Baptist Church)", Micro finance, fodecc_06@yahoo.fr, 233 39 23 22
FIRST TRUST S.A, Monsieur Damase GNONHOSSOU Z.(Directeur général), DOUALA," Akwa, Blrd de la Liberté"," Epargne, financement, tranfert des fonds", lucienne.mafogang@fourelagadec.com; fl.cameroun@fourelagadec.com, 233 42 41 60
FIRSTRANSACT INTERNATIONAL SERVICES COMPANY (FISCO Sarl), Monsieur Claude Joel SIKAM DJUIMO (Président Directeur général), DOUALA," Bonaberi, Zone Industrielle"," prestations de services, négoce, import-export, derives pétroliers", joseph.biyiwoh@g4s.com, 233 43 01 08 / 699 00 08 27
FISC'AF SARL," Madame TAMO Reine Flore, Associée - Gérante", YAOUNDE," Yaoundé, Tsinga (Bonanjo,)"," Conseil juridique et fiscal agréé (Droit fiscal, Droit des sociétés, Droit social, Droit de la propriété intellectuelle… )", gap@gapconsultcm.com, 233 42 43 54/ 677 93 43 89
FLORE SERVICES SARL, Madame Nathalie Flore NNIA LENGUE (Directeur Général), DOUALA, Zone portuaire," Nétoyage industriel, entretien espaces verts", kuissutherese@yahoo.fr, 233 43 38 79
"FME - GAZ, Les Gaz Industriels du Cameroun"," M. Gaël Fotso et Olivier Fotso (Co-gérants), M. Victor Tientcheu (Directeur général)()", DOUALA, Bonapriso Carrefour armée de l'air," Production et distribution de gaz industriels et d'oxygène médical, fourniture et installation d'extincteurs automatique", generalbusiness@yahoo.fr, 690 07 42 80
FODECC (FONDS DE DEVELOPPEMENT DES FILIRES CACAO CAFE), Monsieur Samuel Donatien NENGUE(DG), DOUALA," le voyage, après immeule adrh apave", Promotion des filières Cacao et Café, gex_cam@yahoo.fr, 233437929
FOURE LAGADEC CAMEROUN, Monsieur  Giles FOURNIER (Directeur Général), DOUALA," Akwa, collège de la Salle, 3ème étage"," Prestations de services et fournitures diverses, assistance technique", gfbcam@yahoo.fr; ouoguia@yahoo.fr, 233 42 69 11
G4S Security Services Cameroon Plc, Monsieur Joseph BIYIWOH(Directeur général), DOUALA," Akwa, rue Focauld, n° 147", Sécurité, info@globallogistics.cm, 222 20 21 57/ 679 27 09 60
GAP CONSULT, Monsieur Alain-Pierre GAMENI NDEULE(Associé-Gérant), YAOUNDE, Beach," Expertise et audit comptable, conseil en gestion, conseil  fiscal", infos@globalservices-sarl.com, 233 42 94 87
GEFAD CONSULTING, Madame Thérèse Kuissu (Gérante), DOUALA," Yaoundé, Bastos"," Conseil juridique et fiscal, conseil en douane, formation", gpac_sg@syndicatsmaritimes.org, 233 43 79 22/233 18 07 50
GENERAL BUSINESS OF AFRICA, M. Elie Berlin FOKOU (PDG), DOUALA," Bonapriso, Rue Tokoto", Grande distribution, gpp_cam@yahoo.fr, 233 42 05 99
GEX (Groupement des Exportateurs Cacao/cafés), Monsieur Théodore EBOBO(Président), DOUALA, Bonanjo, Défense des intérêts des membres et de la profession, graphicssystem@hotmail.com, 233 42 74 59
GFBC (Groupement de la Filière Bois au Cameroun), Madame Michèle ROUCHER(Présidente du Comité exécutif), DOUALA," Bonapriso, GMI"," Exploitation forestière, trannsformation", bd.blazdesign@gmail.com, 699 82 29 91 / 699 31 46 51
GLOBAL LOGISTICS LTD, Monsieur NSANGOU MBOMBO ZOUNEDOU(Directeur général), Douala, S/C Tradex," Logistiques,  Négoce, prestations", focali2014@yahoo.fr, 222 202 366
GLOBAL SERVICES SARL, Monsieur Jean WATI(Directeur général), Yaoundé," Akwa, Place des Portiques", Transport/transit, interpressimprimerie@yahoo.fr, 233423896
GPAC (GROUPEMENT PROFESSIONNEL DES ACCONIERS DU CAMEROUN), M. Gabriel MABIMEN (Président); M. Georges Francis MOUTLEN (Secrétaire exécutif), DOUALA," Bastos, Rue du Golf", Acconage et manutention des marchandises au port de Douala, societenojema@yahoo.com, 699303029/222218032/222218031
GPP (GROUPEMENT DES PROFESSIONNELS DU PETROLE), Monsieur Perrial Jean NYODOG (Président), YAOUNDE," AKWA, 2193, Rue Jamot", Groupement des professionnels du pétrole," romeodeffo@yahoo.fr,", 233 43 11 63
GRAPHICS SYSTEM, Monsieur Jean Baptiste SANGA (DG), DOUALA, Rue Dragage à coté de l'ARMP," Consulting, Négoce, Marketing stratégique", secretariatgeneral.gimc@yahoo.com," 653959482, 698400349"
Groupe Blaz Design Management & Investment S.A," Monsieur Blaz J.E. Essomba, (Administrateur- Président Directeur Général)", DOUALA," Bali, 316 Rue Dikoume Bell", Commerce général, gts@gtsalarm.com; info@filtrex-cm.com/v.epesse@gts-filtrex.com, 233 42 46 18
GROUPE FOCALI, Monsieur Albert FONGANG (Président), Douala," Malangué, Hôpital Général"," Communication globale, imprimerie", infogalileo@travelportcwa.com, 233 42 28 84 / 233 42 60 41
GROUPE INTER PRESS, Madame Henriette SOURNAC(Président directeur général), DOUALA," 278, Place du Gouvernement,  Bonanjo", Prestation de service, guce-gie@guichetunique.org, 2 33 41 33 08
GROUPE NOJEMA, Monsieur  Jean Marie NOUTONG SOMDJEU(Président directeur général), DOUALA," Akwa, immeuble Decage", Enseignement privé laïc, jeanne.nji@diageo.com, 233 43 60 88/ 233 41 04 89
Groupe Scolaire Bilingue DUVAAL, Monsieur Roméo DEFFO TCHUMTCHOUA (Fondateur), DOUALA," DEIDO, 1er étage immeuble AZICCUL, (feu rouge Bessengue)"," Meunerie, Transformation de blé en farine (syndicat professionnel)"," info@gulfinstco.com, bayemi.eric@gulfinstco.com", 233 40 25 07 / 233 40 28 41 / 233 50 22 00
GROUPEMENT DES INDUSTRIES MEUNIERES DU CAMEROUN, M. Célestin Tawamba (Président); M. Alfred MOMO EBONGUE(Secrétaire Général), DOUALA," Bonanjo, immeuble camship"," Vidéo surveillance IP et numérique , contrôle d'accès et biométrie, extincteurs et extinction automatique, filres et système de filtration industriel, distribution d'eau et fontaines réfrigérantes, forage, électro-pompe", havasmediacameroun@havasmedia.com, 233 42 09 09 / 233 43 12 56
GTS- FILTREX, Monsieur Bruno DIE FOTIE(Directeur général), DOUALA, Bassa, Transport Aérien," bayo@hevecam.com, adama@hevecam.com", 233 50 12 38
GTW (GALILEO TRAVELPORT WORLDSPAN), Monsieur Georges SANGANG SIMO(Directeur général), DOUALA, Bonanjo, Facilitation des procédures du commerce extérieur, reservations.yaounde@hilton.com, Dla 233 42 62 74  / Niété 233 46 18 30
GUCE-GIE (Guichet Unique des Opérations du Commerce Extérieur), Monsieur Isidore BIYIHA(Directeur général), DOUALA," Akwa, immeuble PMUC, 6e étage", Brasserie, horizonphyto@horizonphytoplus.com, 222 23 36 46
GUINNESS CAMEROUN S.A., Monsieur ANDREW ROSS(Directeur général), YAOUNDE, Beach," Administration, gestion et contrôle des societes, opérations de capital risque; recherche de financement et de partenariat; Representation des societes; transport de petrole et des v racs liquides et toutes activités connexes; trading du pétrole brut et d", ho839@accor.com, 233 43 69 84/ 243 19 29 12
GULFIN S &T CO, Monsieur Albert BOUM (Administrateur Directeur Général), Douala, Yaoundé Blrd 20 mai, Communication-Publicité-Marketing, info@hotel-montfebe.com, 233 42 57 60 / 233 42 58 17 / 699 99 99 43
HAVAS AFRICA CAMEROUN, Monsieur Mohamed DIOP (Directeur général), DOUALA," Bonaberi, ZI Magzi"," Caoutchouc naturel, hévéaculture", reservation@hotelsawa.biz; hotelsawa@hotelsawa.com; lmpriso@hotelsawa.com, 222 21 40 02/222 20 81 01
HEVECAM S.A., Monsieur Eric HOCEPIED(Directeur général), YAOUNDE, Bonanjo, Hôtellerie, cameroon.office@hsd-melt.com, 233 50 14 00
HILTON YAOUNDE - CAMEROON HOTELS CORPORATION, Monsieur Julien BESANCON (Directeur général), DOUALA, Yaoundé," Importation et distribution de produits phytosanitaire, semence et produits chimiques", ngomom.serge@huawei.com, 233 15 78 04/698 84 36 68
HORIZON PHYTO PLUS SA, Monsieur Edouard BOUCHER (DG) ; Monsieur Pierre LEPHILIBERT (PCA), DOUALA," Bonanjo, 488, rue de Verdun", Hotelier - service, hydrac@camnet.cm, 222200199
HOTEL IBIS DOUALA, Monsieur Bruno BOIRON(Président Directeur général), YAOUNDE," Bonapriso, 85 Avenue de l'Indépendance (carrefour Hôtel de l'Air)", Hotellerie/tourisme, hysacam_dg@hysacam-proprete.com, 233 37 04 63 / 233 37 04 36 / 233 37 05 16
HOTEL MONT FEBE, Monsieur Nicolas TCHOBANG(Directeur général), DOUALA," Yaoundé, Bastos"," Hôtellerie, restauration", info@institutsaintjean.org, 233378087
HOTEL SAWA, Monsieur Pierre MOIFO(Directeur général), Douala," Bassa, à coté UCB"," Gestion du personnel temporaire et recrutement, prestation de services", istdi@yahoo.fr  /  scolarité@istidi.net, 242 73 87 08
HSD HUMAN RESOURCE SOLUTIONS LTD, Monsieur Hubert NANA (Directeur Général), DOUALA," Bassa, à côté de Asquini"," Services, Installation et maintenance Télécoms", inscriptions@siantou.net, 657079807
HUAWEI Technologies Company Cam, Monsieur LI JIGUANG (Directeur Général), YAOUNDE, Boulevad de la Liberté," Analyse et contrôle des hydrocarbures, des eaux, contrôles techniques, formation, contrôles non destructifs", infos@instrumelec.com, 243 00 13 92
HYDRAC SA (Hydrocarbures Analyses Contrôles), Monsieur David EKOUME(Directeur général), Douala," Yaoundé, Etok-Koss"," Collecte, transport et gestion des déchets ménagers", intek@intek-cm.com, 671 97 68 85
HYSACAM SA, Monsieur Michel NGAPANOUN (PDG), Yaoundé, Logbessou," ACQUISITION, MAINTENANCE INFRASTRUCTURES TELECOMS", interactivconsulting@yahoo.fr, 233 03 35 94/ 233 04 17 43 / 233 42 63 47
IHS CAMEROON, Monsieur ABDALLAH AL CHAMMAS(Directeur général), DOUALA," Akwa, rue bernabé"," Formation, enseignement supérieur", contact@its-nh.com, 222 22 22 10
INSTITUT SAINT JEAN, Père Jean Hervé (Directeur Général), YAOUNDE," Yaoundé, Rue NARVICK, FACE MINMAP", Etablissement d’enseignement supérieur, info@jeffersonsgroup.com, 242676285
INSTITUT UNIVERSITAIRE DE LA COTE, M. Paul Guimezap  (Président fondateur)  (), YAOUNDE," Yaoundé, derrière usine bastos"," Formation, enseignement supérieur", juritax@juritaxconseil.com, 670429217
INSTITUT UNIVERSITAIRE SIANTOU, Monsieur Lucien WANTOU SIANTOU (PDG), YAOUNDE, Nkolfoulou," Electricité Industrielle et tertiaire, électricité et intégrateur télécom, automatismes industiels et du bâtiment, énergies renouvelables et efficacité énergétique, SAV", sales@kamiini.com, 233 42 65 66
INSTRUMELEC CAMEROUN, Monsieur Alphonse BEDEL MILOL(Directeur général), Douala, Boulevard de la Liberté (Akwa), Vente de matériel informatique, komson.company@yahoo.com, 233 42 47 98
INTEK, Monsieur Isidore TEGUIA KAMDEM(Président du Conseil d'administration), Douala," 316, rue Victoria, Immeuble Victoria - Bonanjo"," Conseils en communiction, marketing et gestion  événementiel", hadidjatou.goggo@globeleq.cm, 233 42 15 96
INTER'ACTIV CONSULTING SARL, Monsieur Alphonse ATEBA NOA (Directeur Général), DOUALA, Akwa 576 Rue Foch," Informatique générale, développement et intégration de solutions informatiques", rlibong@kpmg.cm, 233 41 50 29 / 233 59 12 23 / 699 25 22 04
IT SERVICES SARL, Monsieur William KOUONTCHOU NOUBI (Directeur Général), DOUALA, ndogbong," Télécommunications, Commerce général, Tourisme", lanegresses.a.r.l@yahoo.fr; ottoucressence@hahoo.fr, 233 43 00 35
JEFFERSONS GROUP, M. Paul Elvice Sokoudjou  (CEO)(), DOUALA," Bali, Rue Bertaut", Conseil fiscal, lanouvelleexpression2005@yahoo.fr; setchounkeu@yahoo.fr, 233 43 96 79 / 233 43 23 06
JURITAX CONSEIL SARL, Mme. Laure Kenmogne Djoumessi  (Gérante)(), Douala," Rue Victoria, Bonanjo"," Consulting, Automatique", lapasta@cadyst-invest.com,  674 19 19 74 / 677 54 81 41
KAMIINI PRIVATE LLC, Monsieur Mike NJIMINI(Directeur général), DOUALA," Bonanjo, face CRTV"," Transport de marchandises, colis, déménagement, commerce général", victoirelajoie@premier-africa.com, 233 43 22 27/ 233 00 82 83
KOMSON AFRICA LOGISTIC, Monsieur  Ignace DJOUM KOMGUEM(Gérant), DOUALA," Akwa, immeuble equinoxe", Production d'électricité, infosolution@solutionchimie.com; jeanbosconjoya@solutionchimie.com, 233 39 29 16
KPDC (KRIBI POWER DEVELOPMENT COMPANY), Monsieur Hans Françis SIMB NAG (D.G), DOUALA," Bonabéri, après les rails"," Expertise comptable, Conseil, Taxe", biopharma@camnet.cm, 233424814; 677701750
KPMG AFRIQUE CENTRALE, M. René Libong  (Associé directeur général)(), DOUALA, Akwa, Téléphonie mobile, roger.nono@lmtgroup.com, 691 59 96 86 / 694 42 05 18
LA NEGRESSE Sarl, Madame Crescence OTTOU(Directeur général), DOUALA, Douala 3ème, Communication, logicalinvestmentsarl@gmail.com, 233 37 53 77 / 233 37 53 78
LA NOUVELLE EXPRESSION, Monsieur Séverin TCHOUNKEU(Directeur général), DOUALA," Bassa, zone industrielle", Production de farine de blé et semoule, agence.lothe@yahoo.fr, 222207855
LA PASTA SA, Monsieur Célestin TAWAMBA(Président directeur général); M. Cyrille DJOFANG(Directeur général adjoint), YAOUNDE," Yaoundé, Rue CEPER"," Loterie, Pari sportif", contact@stemahima.com, 222 15 72 00
LA ROYALE DES JEUX DU CAMEROUN, Monsieur Joseph Lajoie KUIYA, DOUALA, Douche-Akwa," spécialités chimiques, traitements des eaux, nettoyage industriel, Import -export", begesth@yahoo.fr, 222204870
LA SOLUTION, Monsieur Jean Bosco NJOYA(Directeur général), YAOUNDE," Yaoundé, Nouvelle route Bastos", Industrie cosmétique et pharmaceutique, matlec@matlec.com, 233 43 15 93/ 233 42 61 82
LES LABORATOIRES BIOPHARMA, Monsieur Francis NANA DJOMOU(Directeur général), DOUALA, Akwa, Prestations de services télécoms, info@mazars.cm, 233 42 69 33(Dla) 222 25 10 83 (Ngaoundéré)
LMT GROUP (AXESS) SA, Monsieur Alexis NANGNOU (D.G), DOUALA," Zone Portuaire, locaux SGMC", Transformation Bois - BTP, smaputh@hotmail.com, 233 43 31 99/ 233 43 42 03
LOGISCAL INVESTMENT SARL, Monsieur Eric TCHAMO MEKONTSO(Directeur général), DOUALA," Akwa, Beach, vers Rwking"," Conseil, Audit, Risk management", carole@me-msolutions.com; carolembessa@hotmail.com, 233 42 55 48 / 233 42 42 47/(LD Prési 233 42 42 47)
LOTHE Consulting, Monsieur LOTHIN Louis Deshamps (D.G), DOUALA," Akwa planet hotel, à coté cabinet okalla"," Commerce général,import-export, supermaché", doohcollins@mediapluscam.com, 233 47 82 00/ 233 47 82 01
MAHIMA SARL, Monsieur DEVI DAS UDHARAM RAJWANI(Directeur général), DOUALA," Bonamoussadi, Zone A", Culture et transformation de maïs, claudelen.maellet@melodius.fr, 697 00 60 53
MAÏSCAM SA, Monsieur ANTONIO DA COSTA(Directeur général), YAOUNDE, Yaoundé Bastos," Vente de matériel et équipement électriques, froid et climatisation", info@metch-elec.com; metchelecdla@yahoo.fr, 233 43 07 22 / 233 43 35 18
MAT-LEC, Monsieur Mathias TSAGUE(Directeur général), DOUALA," Bali, a coté somatel"," Audit,expertise comptable et conseil juridique et fiscal", metropolitan_secretariat@yahoo.com; metropolitan_sm@yahoo.com, 678 531 201
MAZARS CAMEROUN, Monsieur Lucien RIQUIER(Président directeur général), YAOUNDE, Yaoundé Elig-Essono, Grande distribution de produits de consommation, misterclean87@gmail.com, 233 42 57 99/ 233 43 77 90/ 233 47 63 91
MC DISTRIBUTION, Monsieur Michel CRULIS(Directeur général), DOUALA, Akwa Rue Dobelle, Services informatiques, info@mitchimie.com; emmanuelwafo@mitchimie.com, 233 35 15 45 / 233 35 15 46
ME MULTIMEDIA SOLUTIONS, Madame Carole MBESSA(Directeur général), LIMBE, Limbé, Communication publicitaire, molige_sarl@yahoo.fr, 233 42 90 54
MEDIA PLUS SARL, Monsieur Albert DOOH  COLLINS(Directeur général), DOUALA," Akwa, derrière Douala Bar", Conseil-Formation-Coaching, contact@mpsolutions.org, 233 40 45 29
MELODIUS Consulting, Madame Claudélen MEALLET(Directeur général), DOUALA," Bassa, face ancien cnps"," Travaux d'ordre électrique, fournitures électriques, fourniture poteaux bois traités", infos@msmi-cameroun.com, 233 15 10 14
METCH-ELEC, Monsieur Gilbert METCHEKA(Directeur général), DOUALA," Ndogbong, derrière camlait", Production et distribution des cartons, mta.cameroun@mta-dc.com, 243 245 271/ 694 27 69 20/ 699 92 16 30
METROPOLITANS PLASTICS S.A., Monsieur RAJENDRAKUMAR AMARBAHADUR(Directeur général), Douala, Rue Dikoume Bell (rue 1131)," Entretien, Nettoyage, Hygiène et Assainissement", Suzanne.Hot@mtn.com; marie-louise.nkembe@mtn.com; yetna_d@mtncameroon.net, 233 37 80 70/696 13 91 32
MISTER CLEAN, Monsieur Pierre NDEMA(Gérant), DOUALA, Zone Industrielle Bassa (derrière ICRAFON),"  Distribution de produits chimiques et matière plastiques, fabrication d'emballages plastiques et préformes PET", omultiprint@yahoo.fr, 233 42 58 98
MIT CHIMIE, Monsieur Emmanuel  WAFO FOKO(Directeur général), DOUALA," Bonanjo, face SGCam", AGRO INDUSTRIE, nino@nacydate.com, 679 00 90 00
MOLIGE S.A.R.L, Monsieur Jean Baptiste HOMSI(Directeur général), Douala, Akwa, Prestation de services," nalbusiness@nalbusiness.cm, L.nintcheu@nalbusiness.cm", 233 42 30 35/ 233 43 06 17
MP SOLUTIONS SARL, M. Mbile Pfouehr (DG)(), DOUALA, Bonabéri," Fabrication Mécanique, Maintenance industrielle, Industrie de transformation", contact@name-recycling.com, 693479957
MSMI (MULTI SERVICES MATERIEL INDUSTRIEL SARL), Madame NGO YETNA Augustine  Audrey(Directeur général), DOUALA, Maképé," Transport colis fret, service postal, intermediation commerciale, hôtellerie, restauratio, entretien", infi@nfcbanksa.com, 233 43 43 37
MTA CAMEROUN SA, Monsieur  Bernard FOGUEN(Administrateur directeur général), DOUALA," Akwa, Carrefour Arno", Télécommunication, siege.nestlecameroun@cm.nestle.com, 656 22 15 81
MTN CAMEROON, Monsieur Stephen BLEWETT (Directeur Général), LIMBE, New town Limbé," Imprimerie offset, numérique, sérigarphie, flexographie, héliogravure, métal et bois", charles.kooh@newko-cm.com ;  ckooh2@yahoo.fr, 222 20 28 23/222 20 29 81
MULTIPRINT, Monsieur François-Xavier TANKOU(Directeur général), YAOUNDE," Bonanjo, à coté CBC", Aménagement, infos@nezafi.com, 233 42 99 21
NACYDATE SARL, Monsieur Yannick NJOPKOU NONO (D.G), DOUALA," Akwa, immeuble Activa", fournitures industrielles," reservations@noubouinternationalhotel.com,", 233 42 99 44/ 233 42 46 60 / 233 42 99 44 / 233 43 05 15
NAL BUSINESS & CORPORATION, Monsieur  Ambroise Legrand NINTCHEU NOUMBISSIE(Directeur général), DOUALA," Bonanjo, immeuble CitIgroup", Recyclage," esther.tiako@groupensia.com, nsia.cm@groupensia.com"," 678999990, 222225436"
NAMé RECYCLING SARL, Roblain NTEMDIEU NAMEGNI (PDG), YAOUNDE, Elig Essono, Banque, ntc@camnet.cm, 233426121
NATIONAL FINANCIAL CREDIT BANK, Monsieur Julius BERDU MANJO(Directeur général), DOUALA, AKWA (Rue Docteur Jeamot Ngodi), Fabrication et commercialisation de produits alimentaires, contact@oapa-abcs.org, 233 50 27 00/ 233 43 31 13
NESTLE CAMEROUN, Monsieur Robert HELOU (Directeur général), DOUALA," Bonanjo, Ancien Immeuble SAGA (Bld de la liberté", Cabinet d'audit et de conseil, info@oasismotors.com, 2342 07 00 / 2342 09 21
NEWKO AUDIT, Monsieur Charles KOOH II(Associé Directeur général), DOUALA, Akwa," Production et Distribution produits alimentaire, Immobilier,", h.assi@okfoods-cam.com," 677604234, 222209498, 694188618"
NEZAFI CAPITAL, Monsieur Ernest Aimé DJATCHEU NZALI ( Directeur Général), YAOUNDE," Yassa, Douala 3è, à côté du pont bascule"," Services Hôtellerie, restauration, tourisme", info@okplastcam.com, 233 08 39 80 / 233 08 39 81
NOUBOU INTERNATIONAL HOTEL SA, Monsieur François KENMOE (Président), DOUALA, Bonabéri (Après le Lycée), Commercialisation d'assurances, oakalla@okalla-ahanda.com, 233 39 28 70 / 233 39 28 71
NSIA, Madame Esther TIAKO(Directeur général), DOUALA," Bonaberi, zone Magzi"," Services (Informatiques, formation, multimédia)"," cameroon@olamnet.com; alaindidier.b@olamnet.com, olamcameroun@damnet.com", 233 39 14 26/27
NT&C, Monsieur Elie NTIEUPMA(Président Directeur général), DOUALA," Akwa, face activa"," Etudes stratégiques sur le climat des affaires, plaidoyer institutionnel, accompagnement performances des entreprises", omed.douala@yahoo.com, 233 42 78 87
OAPA (Observatoire Africain de la Pratique des Affaires), Pr Justine DIFFO TCHUMKAM (Présidente), DOUALA," Bonanjo, Zone portuaire, derrière Pullman Hotel"," Concessionnaires automobiles, quincaillerie industrielle", jdchepda@omoa-group.com, 2 33 42 68 15
OASIS MOTORS, Monsieur Thomas d'Aquin MOUAFO(Président Directeur général), DOUALA," Akwa, à côté du Laboratoire d’analyse Douala Labo", INDUSTRIE AGRO-ALIMENTAIRE, oneworldbusiness@oneworld-b.com," 672218861, 696808080"
OK FOODS, Monsieur ASSI HUSSEIN(Directeur général), DOUALA," 17 Place du gouvernement, Bonanjo", Industrie Matières Plastiques, onzfi@onzfi.org; rtchouanga@yahoo.fr, +237 233 43 66 62
OK PLASTCAM Sarl, Monsieur Sami BAKER(Directeur général), Douala," Akwa, Avenue Ahmadou Ahidjo", Expertise comptable - Audit - conseil en gestion - conseil juridique et fiscal, samuel.ngondi@orange.com, 233428606/233432372
OKALLA AHANDA & ASSOCIES, Monsieur Jean Pierre  OKALLA AHANDA(Directeur général), DOUALA," Bonanjo, à coté centre linguistique", Industrie et Distribution Agro-Alimentaire, contact@pak.cm, 233 43 33 43 / 233 43 33 44
OLAM CAM S.A., Monsieur RAHUL MITTAL(Directeur général), DOUALA," Akwa, Boulevard de la Liberté"," Vente de billets d’avion, réservation d’hôtel, tourisme", pamol-lbe@pamol-plantations.com;  pamol-dla@pamol-plantation.com, 233 42 75 37
OMED VOYAGE, Monsieur Heeresh SHIVDASANI (D.G), DOUALA, Immeuble Emergence, Monétique, contact@paness.net, 222462100
OMOA CAMEROUN S.A, Jean-Daniel CHEPDA, Kribi, Sud West, Vente de pièces détachées et batteries, panzanicameroun@cadyst-invest.com,  677 11 12 47/ 677 11 12 42
ONE WORLD BUSINESS SA, Monsieur ABBA MOUSTAFA (D.G), DOUALA, Akwa, Administration et supervision du régime de la zone franche, jekeke@cm.perenco.com, 233 42 58 25 / 233 42 67 56/ 699 68 35 15
ONZFI (Office National des Zones Franches Industrielles), Monsieur Robert TCHOUNGA(Directeur général), DOUALA," Bassa, Zone industrielle", Téléphonie mobile, petrolex@petrolex.net, 23337 02 24
ORANGE CAMEROUN S.A., Monsieur Frédéric Debord (Directeur général), DOUALA," Bonanjo, base Elf"," Gestion, aménagement et exploitation portuaires", r.temkou@phpcam.net, 233 41 47 17 / 233 42 61 50
PAK (PORT AUTONOME DE KRIBI), Monsieur Patrice Barthélemy MELOM (DG);  Monsieur Jean Paul SIMO NJONOU (PCA), DOUALA," Bonapriso,  Rue D. Savio, face centre PROMED", Production d'huile de palme," henritafou@yahoo.fr, pigierdouala@yahoo.fr, pigierdouala@pigiercam.com", 233 40 27 12 / 233 40 27 13/699 534 650
PAMOL PLANTATIONS, Monsieur MEKANYA Charles OKON(Directeur par intérim), DOUALA, Akwa," Conseil et formation, audit, informatique, évenementiel", dir.general@plasticam.net; d.plasticam@gmail.com, Nyombe 677 50 03 85/ 233 42 06 00 Dla
PANESS CONSEIL (Panafric Engineering and Services), Monsieur  Dieudonné  TIETSE(Directeur général), DOUALA, Akwa," Pâtes alimentaires, lais infantiles  & produits de négoce", polypharma90@polypharma90.com, 233 42 83 68/ 696 70 39 76
PANZANI CAMEROUN SA, Monsieur Célestin TAWAMBA(Président directeur général); M. Cyrille DJOFANG(Directeur général adjoint), DOUALA," Bassa, Rue 3w854 N°2060", Industrie  Pétrolière, pad@portdedouala.cameroun.com, 233 37 50 57 / 677 115 982
PERENCO RIO DEL REY, Monsieur Adrien BROCHE (Directeur Général), DOUALA, Bessengue, Distribution des produits pétroliers, info@assacam.com, 233 40 08 65/233 40 69 74
PETROLEX CAMEROUN S.A, Monsieur Gabriel NDJIKE FOTSO(Président Directeur général), DOUALA, Bonanjo, Culture et exportation de bananes, mirelle.ngani@premium-financial.com, 233 42 01 33 / 233 43 55 84
PHP (Plantations de Haut  Penja), Monsieur Pascal FERRIER (Directeur Général), DOUALA," Zone portuaire Blvd Leclerc, à coté 3T"," Formation, enseignement supérieur", nadine.tinen@cm.pwc.com, 233 42 37 68/222 08 05 01
PIGIER CAMEROUN, Monsieur Henri TAFOU(Directeur général), DOUALA," Bonanjo, entre air France et Eco bank"," Industrie de transformation, emballage carton et plastique", info@prodigyaviationsolutions.com / idriss@prodigyaviationsolutions.com, 696057764
PLASTICAM, Madame FOYOU Epse FANKAM YAMAKO Marielle (Directeur Général), DOUALA," Bonanjo, face annexe polyclinique Muna"," Import-export , commercialisation du matériel et équipement médico-chirurgical, de laboratoire et des réactifs de laboratoire", info@prometal-cm.com, 233 43 24 43 / 44 / 45 / 46
POLYPHARMA SARL, Monsieur Modeste TABOUGUIA(Directeur général), DOUALA," Bassa, zone industrielle"," Gestion, aménagement et exploitation portuaires", ngouchet@yahoo.fr, 233 42 55 88
PORT AUTONOME DE DOUALA, Monsieur Cyrus NGO'O(Directeur général), DOUALA," Akwa, 17-Rue Druot", Distribution des produits hydrocarbures, proximitycare2013@yahoo.com / proximitycare2013@gmail.com, 233 37 85 85 / 233 37 85 95
PPSM, Monsieur Samuel WEMBE(Directeur général), DOUALA," AKWA, Rue Boue Lapeyrere (Mermoz)", Conseils financiers," yleferec@razel.fr, fngono@razel.fr", 233 40 75 71
PREMIUM FINANCIAL, Madame Mirelle NGANI (Associé Gérant), DOUALA," Yaoundé, Hotel de ville immeuble DHL"," Cabinet d''audit , conseil juridique et fiscal", contact@reptic.cm ; reptic.cm@gmail.com ; pfkamanou@gts-infotel.com, 233 42 86 86 - 673 30 55 69 - 694 52 50 51
PRICEWATERHOUSECOOPERS TAX & LEGAL, Madame Nadine TCHANGOUM TINEN(Directeur général), DOUALA," Localisation : Yaoundé, Total Tsinga, Esc 3, 1er étage (GTS)", Aéronautique, info@royalchimie-phyto.cm / royal.chimie@gmail.com, 222 22 03 06 / 222 22 07 80
PRODIGY AVIATION SOLUTIONS, Monsieur Idriss CHEDJOU (D.G), YAOUNDE," Bonatéki-Déido, 1810, rue des garages", construction metallique," rwking@rwkingcam.com, claude.ngankeng@rwkingcam.com", 696613569
PROMETAL, Monsieur HAYSSAM EL JAMMAL(Directeur général), YAOUNDE," Beach, Bld Leclerc", Import-export," info@saagry.cm, saagry@yahoo.fr", 233471535 / 233400279
PROMODIS AFRIQ SARL, Monsieur Martin  NGOUCHET(Directeur général), DOUALA, Bonamoussadi Zone MAGZI," Nettoyage industriel, hygiène et assainissement, entretien espaces verts", gkagou@saar-assurances.com; yvymai@yahoo.fr; contact@saar-assurances.com, 233 42 59 45 / 699 50 59 45 / 677 70 59 45
PROXIMITY CARE SARL, Mme. Nadine DJAMEN (Directeur Général), DOUALA," Bonanjo, derrière chanas ass.", Travaux publics, sabinternational2015@gmail.com, 233 42 60 80/ 233 12 00 81
RAZEL CAMEROUN, Monsieur Franck CASTELEYN (Directeur général), DOUALA, Zone industrielle Mvan," Association des professionnels des Télécoms, TIC et Numérique", rmfondja@sabc-cm.com, 233 43 17 65  / 233 43 92 00/233 431 765/17 56
"REPTIC.CM (Réseau des Professionnels du Secteur des Télécoms, des TIC et du Numérique du Cameroun.)", Monsieur Pierre-François KAMANOU, DOUALA, Bali," Distributions intrants agricoles, produits chimiques, adjuvants bétons", sae@cadyst-invest.com, 243 38 95 73
ROYAL CHIMIE S.A, M. Etienne FOUEGOU (PDG), Yaoundé, BONABERI," Commerce général, S.A.V (station diesel, maintenance) et réparation des moteurs industriels", myateng@safacam.com, 233 42 91 33
RW KING, Monsieur Martin AZEMKOUO(Directeur général), DOUALA, DIZANGUE, Agro-alimentaire, safca3@yahoo.fr, 233392616
SAAGRY SARL, Monsieur Anselme YOUSSA(Directeur général), DOUALA, Bonaberi, Assurances, cameroun@sahamassurance.com, 699 50 44 41 / 677 93 40 50
SAAR (Société Africaine d'Assurance et de Réassurances), Monsieur Georges Léopold KAGOU(Directeur général), DOUALA," 34, Rue Dinde, Bonanjo", Production  de solutions de revêtements mural et matériaux de construction, martin.foncha@sahamassurance.com, 233 06 55 77
SAB SARL (SIANTOU AFRICA BUILDING), Monsieur Lucien WANTOU SIANTOU, DOUALA, Immeuble Saham Assurance - sis au 34 rue Dinde - Bonanjo derrière l’Immeuble CNPS," Bières, Boissons gazeuses, Sirops", saicamco@yahoo.fr, 233 42 31 76
SABC (Société Anonyme des Brasseries du Cameroun), Monsieur Emmanuel DE TAILLY(Directeur général), Douala," Bonapriso, Immeuble carré d'or; face immeuble chococho", Fabrication de biscuits," guy-olivier.mbianda@sanofi.com, marie.ndengue@sanofi.com", 233 43 09 04 / 233 43 11 44
SAE SA (SOCIETE AGROALIMENTAIRE EQUATORIALE), Monsieur Célestin TAWAMBA(Président directeur général); M. Cyrille DJOFANG(Directeur général adjoint), DOUALA," Bonapriso, Rue Vasnitex (immeuble  atlantis, 5e étage)"," Hévéaculture, palmeraie", sapaci2000@yahoo.fr, 233131179/ 233443791
SAFACAM (Société Africaine Forestière et Agricole du Cameroun), Monsieur Eric DE FORESTA(Directeur général), Bafoussam," Makèpè, Rhone Poulenc"," Imprimerie offset et héliogravure, étiquettes papier, boîtes pliantes, découpes, emballages souples, affiches, dépliants"," contact@sapougroup.cm, sapou.etienne@sapougroup.cm", 233 50 61 00
SAFCA - CAHIERS, Monsieur Georges ADAM(Directeur général), DOUALA, Yassa (face sté Azur derrière le cnafop), Assurances, syndmar_gpac@yahoo.fr, 223478016
SAHAM ASSURANCES, Monsieur Théophile Gérard MOULONG (DG), Douala, Zone Portuaire, Assurance Vie, ca_scb@scbcameroun.com, 233 05 90 22
SAHAM LIFE INSURANCE, Monsieur Martin FONCHA(Directeur général), DOUALA, Bonanjo, Transformation et commercialisation café moulu, sdg-scdp@yahoo.fr/blaiseatangana2010@hotmail.fr, 233 42 05 99
SAICAM SARL, Monsieur Louis DONGMO(Directeur général), Douala," Mbopi, Carrefour agip"," Promotion de produits pharmaceutiques, monituring, études cliniques", fondjajules@yahoo.fr, 222 22 88 99/ 233 43 53 00/ 233 43 54 00/ 222 22 88 03/233 43 53 74/ 233 43 54 02
SANOFI AFC, Monsieur  William KAMGA(Directeur Général), DOUALA, Bali," Boulangerie, patisserie", mbogo_flamboyant@yahoo.fr, 23323 40 54 / 233 40 38 32 / 233 40 63 42
SAPACI SARL (Société Africaine des Produits Alimentaires CIAMS Industries), Monsieur Enoch CIAMS, DOUALA, Akak 1 - Soa, Transport, gicam@legicam.org, 699948996
SAPTRANS, Monsieur Etienne SAPOU KANA(Directeur général), YAOUNDE," Bonabéri, Cami Toyota"," Opérations d'importations et d'exportations, passage en douane, transit", scinafrique@yahoo.fr, 676961854
SCADTC (Syndicat des Commissionnaires Agrées en  Douane et  Transitaire du Cameroun), Monsieur André MBEUMO(Président), DOUALA," Bonapriso, face copteco", Services bancaires," scrmaya@camnet.cm; transitscrm@hotmail.com, secretariatdg@scrmaya.com", Dla 233 42 31 41 / 233 42 64 99 /  Ydé 222 20 07 50
SCB Cameroun (Societe Commerciale  de Banque Cameroun), Monsieur Alexandre BEZIAUD (Directeur Général), DOUALA," Bonaberi, zone industrielle", Distribution de produits pétroliers, scs.sarl@yahoo.fr, 233 10 63 37/ 699 22 95 76
SCDP (Société Camerounaise des Dépôts Pétroliers), Mme Véronique MOAMPEA MBIO née MANZOUA (Directeur général), DOUALA," Bafoussam, Kamkop", Promotion Immobilière, sctm_2004@yahoo.fr, 233 39 13 34 / 233 39 00 76
SCI IMMO 2000, Monsieur Jules FONDJA(Directeur général), BAFOUSSAM," Bonabéri, zone industrielle", Carrière industrielle - Production des agrégats, ssdadsarl@yahoo.com, 233 44 16 72
SCI PARADICIO, Monsieur MBOGO OTABELA (D.G), DOUALA," Mbopi, entrée face gendarmerie"," Import-export, distribution", sdcrasarl1@gmail.com/ moboustella@yahoo.fr, 233 39 00 16 / 233 39 00 21 / 233 39 00 18 / 233 39 08 34
SCIEC (SYNDICAT DES COMMERCANTS IMPORTATEURS EXPORTATEURS DU CAMEROUN), Monsieur Christian Kouam Dzukou(Président), DOUALA, Akwa (près de la Direction Nextel)," Imprimerie, ouvrage d'arts, travaux ferroviaires", seca.hysacam@gmail.com, 233 42 05 88 / 699 91 83 62
SCIN (Societe Camerounaise d'intermediation et de négoce), Monsieur Ismael NJOYA(Directeur général), DOUALA, Bonaloka (texaco Aéroport)," Raffinage d'huile de palme brute (savonnerie, unité de fabrication de mayonnaise, unité de fabrication de bougies)", infodla@secelgroup.com; infosyde@secelgroup.com, 233 422 729
SCR MAYA & Co (Société Camerounaise de Raffinage MAYA et Cie), Monsieur Olivier SCHIANO(Directeur général), DOUALA, Bonamoussadi, SAVONNERIE, ssgcameroon@ymail.com, 233 37 65 42
SCS (SOCIETE CAMEROUNAISE DE SAVONNERIE), Monsieur Jean II FOTSO(Président directeur général), DOUALA, Bonapriso," Fabrication bouteilles de gaz, tout emboutissage, distribution gaz domestique, équipement métallique"," semagri@semagricmr.com, alain.kanmegne@agrivisionsmr.com", 233 42 73 49/233 43 38 61
SCTM (Société Camerounaise de Transformation Métallique), Monsieur Ludovic SIELIENOU(Directeur général), DOUALA, Akwa Nord, Distribution, seremac.sarl@yahoo.fr, 233 42 22 75
SDAD (Société de Distribution & d'Achats Divers), Monsieur Paul GUIAGUIA(Président directeur général), DOUALA, Yaoundé," Prestations de services, distribution, transit, négoce international, commerce général, import-export", info-sfid@groupe-rougier.com, 2 33 47 52 41/ 233 47 68 39
SDCRA, Valérie NOUGOUM TCHEDJOU (PDG)," YAOUNDE, Ngousso, derrière station blessing", Avenue Njo-Njo Bonanjo," Collecte et transport des déchets industriels, destruction des archives et avaries, expédition transfrontalier de déchets dangereux, lutte antivectorielle et traitement phytosanytaire", directionsgmc@sgmc.somdiaa.com, 222 21 59 20/222 20 49 04/05
SECA ( Services Camerounais d'Assainissement ), Monsieur Michel  NGAPANOUN(Directeur général), DOUALA," Bonanjo, Port"," Informatique, télécommunication, électronique, formation", edith.bebey@sgs.com; annie.joky@sgs.com, 699 92 56 42
SECEL, Monsieur Blaise OUAFO(Directeur général), DOUALA," Akwa , Beach", Gardiennage, sstar@camnet.cm, 233 01 43 88/89/90/ 233 43 23 77
SECURITY SERVICES GROUP, Monsieur Alain Simplice TCHOKOKAM(Directeur général), DOUALA," Bonapriso, St John Plaza", Importation des semences maraîchères (Produits BIO),  info@sic.cm, 233 43 09 45/ 233 43 09  57
SEMAGRI Sarl, Monsieur Alain Blaise KANMEGNE(Directeur général), DOUALA, Hyppodrome," Etude, réalisation, maintenace et contrôle en électricité et travaux publics", pierluigi_passera@barry-callebaut.com, 233 42 53 30 / 675 27 03 28
SEREMAC Sarl, Monsieur Jean Paul MOUZONG ABONG(Directeur général), YAOUNDE," Bassa, Cité Cicam, Point franc", Forestier (Production-transformation-exportation), entcheu.audrey@cm.sika.com, 222 23 01 59
SFID S.A., Monsieur Quentin LOONTJENS(Directeur général), DOUALA," Zone industrielle Bonaberi, à coté Source du Pays", Production de farine boulangère, info@simtech3d.com, 233 40 88 10  / 233 40 76 50
SGMC (Société les Grands Moulins du Cameroun), Monsieur Philippe ANDRE(Directeur général), DOUALA," Camtel Bepanda, Av an 2000"," inspection, contrôle"," sipp@sippcameroun.com, sboubakary@cadyst-invest.com", 233390384
SGS CAMEROUN S.A., Monsieur  WILFRID FLOTTES-DE-POUZOLS(Directeur général), DOUALA, YAOUNDE (Zone Industrielle Mvan), Placement du personnel temporaire,  mohamed.agrebi@essilor.com, 233 40 66 17
SHOOTING STAR, Madame Judith EPEE BOUN(Directeur général), YAOUNDE," Akwa, Immeuble SGC, 5ème niveau"," Promotion Immobilière, habitat", cyil.fahy@michelin.com, 222305255
SIC (Société Immobilière du Cameroun), Monsieur Ahmadou SARDOUNA (Directeur Général), Douala, Bonabéri, Transformation des fèves de cacao," info@smscameroun.com, fpaliliki@smscameroun.com", 699715326
SIC CACAOS, Monsieur PIERLUIGI PASSERA(Président Directeur général), DOUALA," Base elf, Zone portuaire, derrière mur TAC après pharmacam, der TAC", Vente de produits chimiques pour construction et industrie," jerome.francois@smt-group.com, info.africa@smt.network"," 233 41 37 07, 699 66 27 37"
SIKA CAMEROON, Monsieur Pedro LOPES (D.G), DOUALA," Bassa, ZI MAGZI", Ingénierie électrique et industriel, sni@sni.cm, 233372746
SIMTECH-3D  SARL, Monsieur Mathurin NGUEHOU ZEBAZE(Directeur général)," DOUALA, CAMEROUN", S/c Aigle Voyages, Fabrications de solutés massifs, marie.bell@camnet.cm / sntsnordsudcti@yahoo.fr, 699545719
SIPP (SOCIETE INDUSTRIELLE DES PRODUITS PHARMACEUTIQUES), Monsieur SALIHOU BOUBAKARY(Directeur général), DOUALA," Yaoundé, Poste Centrale", Vente des produits paramédicaux, soacam@yahoo.fr / alcali.amine@soacam.cm, 222 22 44 22
SIVO CENTRAL AFRICA, Monsieur MOHAMED AGREBI (DG), YAOUNDE, Bonanjo, Vente pneumatique, socapalm@socapalm.com; rlienou@socapalm.org, 233 432 259
SMPC (Société Moderne du Pneumatique Camerounais), Monsieur Cyril FAHY (D.G), DOUALA," Akwa, Ancien 3ème", Génie mécanique," contact@socarto.com,  jean-jacques.epee-same@socarto.com , jeanjacquessameepee@yahoo.fr", 233 42 94 20
SMS CAMEROUN, Monsieur Francois PALILIKI(Directeur général), DOUALA," Bonanjo , Imm ONCPB", Commerce, contact@socatam.com, 233 43 77 83 / 233 43 87 28 / 233 43 87 26
SMT, Monsieur Jerôme FRANCOIS, DOUALA," Bassa, ndokoti"," Syndicat (Agences de voyages, vente billets d'avion, tourisme…)", socatur@hotmail.fr; lydienne_nb@yahoo.fr, 233 42 85 72 / 233 37 14 68 / 233 37 05 15
SNAVTC (Syndicat Nationale des Agences de Voyage et de Tourisme du Cameroun), M. Georges SANGANG SIMO (Président), DOUALA," Base elf, face TAC"," Société de portefeuille, création de projets, réalisation d'études et d'operations financières susceptibles de promouvoir le développement économique, prise ou rachat de participations au capital des entreprises, négociation des obligations et autres titr", emmanuel.peughouia@groupequifeurou.com;, 233 40 57 86 /233 40 57 87
SNI (Société Nationale des Investissements), Madame YAOU  AISSATOU(Directeur général), DOUALA, ndkotti (palais de justice), Commissionnaire en douane agréé, sepbc.cameroun@bollore.com, 233 40 12 97
SNTS (Société Nationale de Transit et de Services), Mme. Marie Mélanie BELL (DG), DOUALA, Essengue, Commerce général (distribution des produits alimentaires), mareme.mbaye@socgem.com, 233 42 32 00 / 233 42 54 44
SOACAM (SOCIETE ALIMENTAIRE DU CAMEROUN), Monsieur HAMIDOU NANA BOUBA(Directeur général), Douala, Lieu-dit « Parc à Bois »," Culture palmiers à huile, production & commercialisation huile brute & palmistes, fractionnement huile brute et commercialisation d'oléine et  stéarine", mame.bell@camnet.cm, 233 42 17 48
SOCAPALM (Société Camerounaise des Palmeraies), Monsieur Dominique CORNET(Directeur général), Douala, Bonanjo," Production sacs à ciment, sacs vides en papier de grande et moyenne contenance pour emballage, papier écriture et impression offset laser", clovislontsi@icloud.com, 233 42 13 74/233501601
SOCARTO (Sté Camerounaise de Cartonnages et de Fournitures de matériel  scolaire & Bureau), Monsieur Samuel  KONDO NJANGA NGANDE (PDG), DOUALA," Bonanjo,  immeuble Ibanne plateau joss, face délégation domaine", Commercialisation de matériels industriels et pétroliers, fant.said@gmail.com, 233432259
SOCATAM, Monsieur Mathieu FRAISSE(Directeur général), DOUALA, Mvog-Ada, Transport urbain, tacicam@yahoo.fr, 697 56 20 84
SOCATUR S.A., Madame Lydienne MOULOBY NGALLE BIBEHE(Directeur général), YAOUNDE, Mvog-Mbi," Import-export, distribution matériel de construction", socinfo@socomar-cameroun.com, 677713967
SOCIETE  QUIFEUROU, Monsieur Emmanuel  PEUGHOUIA(Directeur général), YAOUNDE," Bonamoussadi, derrière collège bao", Manutention portuaire (gestion de parc à bois), sodecoton@sodecoton.cm, 233 47 11 33 / 233 47 19 31
SOCIETE DES PARCS A BOIS DU CAMEROUN, Monsieur Jean-Luc PALLIX(DG) - Mme Flore YANGO (DGA), DOUALA, Derrière Hôtel Pullman (Ancien place du défilé), Services bancaires, info@sofitoul.com," 233 42 16 60, 6 734 500 93,"
SOCIETE GENERALE CAMEROUN (SGC), Madame Marème MBAYE NDIAYE (DG), DOUALA, GAROUA," Commissionnaire agréé en douane, transport maritime"," cmoumbe07@yahoo.fr, sogecobafoussam@yahoo.fr", 222 27 10 80/233 42 46 03
Société Nationale de Transit et de Services (SNTS), Madame Mélanie BELL (D.G), GAROUA," Yaoundé, Carrefour Bastos, face usine BAT, Douala, (Dla) Bonapriso face école les GAIS LUTINS", Commerce général, helene.dimene@solevogroup.com, 222 21 81 20/19/222 20 13 85
Société TCHIN-PAS SARL, Pascal TCHINDA (PDG), Yaoundé, Bonassama / Zone industrielle de Bonabéri, Import/Export, info@solextgv.com, 233444612 / 677749983
SOCIETE TIGUI SA, Mme FANTA SAID (Administrateur), DOUALA," Douala, Bali face Somatel"," Fabrication, transformation et commerce des peintures, encres et colles", contact@sonara.cm; djakdjin_h@sonara.cm, 233 42 78 12
SOCIPEC SARL, Monsieur Chrétien TAGNE(Président directeur général), DOUALA, Limbé," Consignation, Manutention, Aconage", sorepco.sa@gmail.com, 233 42 38 15 / 233 42 38 17
SOCOMAR SA, Monsieur MAZZITELLI FERNANDO (D.G), LIMBE," Mboppi, face CBC"," Encadrement des producteurs de coton, production et commercialisation de coton- fibre, huile de coton, tourteau de coton", yde-secretariat@sosucam.somdiaa.com, 233 42 51 82 / 233 42 08 36
SODECOTON (Société de Développement du Coton du Cameroun), Monsieur MOHAMADOU BAYERO(Directeur général), DOUALA, Yaoundé (MBANDJOCK), Agence de voyage et de tourisme, fakhouryali@hotmail.fr; secretariat.direction@sourcedupays.com, 22 23 05 85 / 22 22 08 41
SOFITOUL S.A., Monsieur Rodolphe SIMO KAM(Administrateur directeur général), YAOUNDE," Bonabéri, Zone industrielle"," Engrais, produits chimiques, aliments du bétail, produits phytosanitaires, matériel de pulvérisation", speed.appro@netcourrier.com; speed.appro@yahoo.fr, 233 39 30 12 / 233 60 46 82 / 233 19 99 36
SOGECO, Monsieur Cément MOUMBE (Directeur Général), DOUALA," Bonanjo, avenue de Gaulle", Messageries Express, info@st.digital.com, 233 43 30 45
SOLEVO CAMEROUN, Monsieur Martial MEKONGO (Directeur Général), DOUALA, Akwa," Raffinage de pétrole brut, vente de produits raffinés"," pascale-fride.balem@cm.standardchartered.com, marie-paul.matouke@sc.com, yimga.nyassi@sc.com, Vincent.ngimbock@sc.com, jean-arsene.yerima@sc.com", 233 43 18 74
SOLEX SARL, Monsieur Joseph TONMO (D.G), DOUALA," Akwa, Immeuble Entrelec, 2ème étage"," Commerce général, quincaillerie", stylecomsarl@gmail.com / didyevrard@gmail.com," 243702420, 696407169"
SONARA  (Société Nationale de Raffinage), M. Jean Paul SIMO NJONOU (Directeur général) -M. Bernard BAYIHA (DGA) - Mme Bertha NDOH née BAKATA (PCA), DOUALA," Akwa, Boulevard de la Liberté", Production et commercialisation du sucre en morceaux et en poudre," sodipa@camnet.cm, sumocamsarl@yahoo.fr", 233 43 52 00  /233 42 52 99
SOREPCO, Monsieur Lucas DJEMMO(Président directeur général), DOUALA, Douala-Deido (entre BOULANGERIE COAF et CCA BANK), Commercialisation d'eau minérale et prestations de services, contact.uacam@uacamvie.com, 677 80 34 34 / 677 54 92 81
SOSUCAM (Société Sucrière du Cameroun), Monsieur Louis YINDA(Président directeur général), DOUALA," Bassa, à coté Unalor", Services multi-médias, doualasyndustricam@yahoo.fr; syndustricamyaounde@yahoo.fr, 233 42 67 41/ 233 37 30 03
SOURCE DU PAYS, Monsieur El SAHELY NESSRALLAH(Président directeur général), DOUALA," Bali, face Essoka Security", Approvisionnement express," mouzong_jc@yahoo.fr, aminkala@yahoo.fr", 680 08 63 39
SPECTRUM SARL, Colin EBARKO MUKETE (Directeur Général), DOUALA," Bonanjo, immeuble Ecobank 2e étage"," Formation, conseils, intégration de solutions informatiques", tac@taccm.net, 233 42 12 46
SPEED APPRO, Monsieur Michaël  BILLET(Directeur général), DOUALA," Bali, entrelec", Services bancaires, taf@tafinvest.com, 233 42 30 58(Douala)  222 20 24 68 (Yaoundé)
ST DIGITAL, Monsieur Anthony SAME EKOBO (D.G), DOUALA," Zone portuaire, derrière CNIC", Commerce, techno_zentrum@yahoo.fr, 699 41 70 96 / 675 41 11 52
STANDARD CHARTERED BANK CAMEROON S.A., Monsieur CHUKS UGHA(Directeur général), Douala," Zone portuaire, entrée nord", Transformation de sucre granulé en morceaux, eokie@telcarcocoa.com, 233 41 02 16 / 233 41 02 17 / 233 41 02 18/699 68 15 11 /12
STYLE.COM SARL, MADAME TEMGOUA DIDY AIMERANCE (Promotrice), DOUALA," Akwa, à coté Hôtel LEWAT"," Commerce général (produits du textile, couches jetables…)", quotidien_economique@yahoo.fr, 233 40 41 70/ 233 40 41 72
SUMOCAM ( Sucreries Modernes du Cameroun ), Monsieur Thimothé GAMO(Directeur général), DOUALA," Bonabéri, Zone industrielle", ASSURANCES VIE, infos@tntafrica.com, 233 40 40 73
SUNDA Cameroun Ltd, Monsieur YUE JIE (D.G), DOUALA," Yaoundé, Hypodromme, Immeuble lekié", Syndicat (industriels), total@total.cm, 233 39 38 76 / 233 39 38 78
SUNU CAMEROUN, Madame Chantal MOUELLE(Directeur général adjoint), DOUALA, Akwa, Syndicat, cac_vis3@yahoo.fr, 222 00 17 31/222 23 10 71/ 233 15 15 77
SYNDUSTRICAM (Syndicat des Industriels du Cameroun), Monsieur Alain MALONG(Président), YAOUNDE," AKWA, 589, BLD de la Liberté", Fabrication de profils de couverture et de bardage en tôles (aluzinc-prélaquées) et buses métalliques, contact.cameroun@tractafrictae.com, 233 01 49 28
SYPRODIS, Monsieur ABEGA MINKALA (Président), Douala," Bassa, PK 12, avant le marché"," Acquisition et gestion des valeurs mobilères, création et prise de participation dans les sociétés, réalisation et gestion d'opérations immobilières, prestations de gestion des sociétés", tws.sarl@gmail.com, 233 42 63 41
TAC (Tôles et Aciers du Cameroun), Monsieur Ludewijk DE LAERE(Président directeur général), Douala," Bassa, SHO", INGENIEURIE ET TRAVAUX ELECTRIQUES, etouflo@yahoo.fr, 233 37 60 45; 677 70 87 56
TAF INVESTMENT GROUP," M. Gaël Fotso (Directeur général), M. Olivier Fotso (Directeur général adjoint)()", Douala," Bonanjo, zone portuaire, derrière Pullman, à coté Panalpina", Exportation de cacao, transimartransimar@yahoo.fr, 233 37 90 83
TECHNOLOGIE ZENTRUM SARL, Monsieur Paul Désiré KOUENKAM NANSI(Directeur général), DOUALA," Yaoundé, Ngousso, apres la station blessing", Communication et Edition, info@transimex-cm.com; ousmanou@transimex-cm.com, 2 33 04 03 49
TELCAR COCOA LTD, Madame Kate KANYI-TOMETI FOTSO(Directeur général), DOUALA, Zone portuaire, Services de communication électronique, reachus@triberix.com, 222 20 71 36 / 699 76 45 98/ 222 20 67 08
THELI RP, Monsieur Thierry EKOUTI(Directeur général), YAOUNDE," Bonanjo, Port, face maersk", Distribution de produits pétroliers, akamtchouang@yahoo.fr, 233 42 78 91
TNT AFRICA CAMEROUN," M. Juteau Morgan Evrard (PCA), M. Albert Kamanou (DG)()", DOUALA, Deido, Transformation et commercialisation des plastiques et métaux, ucam@ucamsyndicat.net; ucamsyndicat@yahoo.com, 233 00 18 28 / 233 00 36 50
TOTAL Cameroun SA, Monsieur Adrien Bechonnet (directeur général), DOUALA," Bonaberi, Zone industrielle"," Distribution matériel Caterpillar, Hyster, location matériel et groupes électrogènes, SAV, contrat de maintenance", kadjin@sa-ucb.com; feyou@sa-ucb.com, 233417382
TPM SA (Transformation of Plastics and Metals), Monsieur NJIPNGANG Roger (PDG), DOUALA," Akwa, Boulevard de la Liberté", Négoce Bois, unalor_dla@yahoo.fr; ngeudeu@yahoo.fr, 233 39 41 70 / 71 / 72
TRACTAFRIC EQUIPEMENT, M. Jean-Philippe PETIT (Directeur général par intérim)(), DOUALA," Akwa, Boulevard de la Liberté"," Document de sécurité informatique, réseaux immobilier de luxe, génie civil", contact@ubm72.com / fpetto@ubm72.com, 233 43 36 39
TRADE WOOD & SERVICES Sarl, Monsieur J. Daniel LOBE EBONGUE(Directeur général), DOUALA, zone Portuaire, Transit maritime, direction@uticameroun.com,  233 43 78 11 / 233 43 19 30
TRADIMCO SARL (TRADING MANAGEMENT COMPANY), Monsieur Florent ETOUNDI AYISSI(Administrateur Directeur), DOUALA," Bassa, à coté HYDRAC"," Logistique (transport, entreposage, manutention), distribution (import)", utschcam@yahoo.fr, 233 42 15 21 /694 03 73 53 / 677 76 22 85
TRANSIMAR SA, Monsieur Constant DEUTOU NGAMAKO (PDG), DOUALA," Bassa, rue tractafric", Imprimerie," olivierdontsop@veliasarl.com, veliasarl@yaho.fr", 233 37 58 66 / 233 37 09 39
TRANSIMEX CAMEROUN, Monsieur NGAM OUSMANOU(Président directeur général), DOUALA," Bali, face Mobil Njo-Njo"," Import-export, commerce général, production", catherine.wedjou@wartsila.com, 233 37 03 08 / 233 37 58 09
TRIBERIX PLC, Monsieur NGOHMINANG ASAH AZEFOR (D.G), DOUALA, Bonabéri, Banque, simotahakam@yahoo.fr; worldindustrycar@yahoo.fr, 233 42 31 73 / 699 96 85 71
TROPIK INDUSTRIES CAMEROUN, Madame Adèle KAMTCHOUANG(Président directeur général), DOUALA," Bassa, Zone industrielle", Services bancaires, j.riviere@wijma.cm, 677 50 26 77 / 677 70 88 15
UBA (United Bank for Africa), Monsieur UDOM ISONG(Directeur général), DOUALA," Zone portuaire amont, à côté de DANGOTE"," Consignation de navires, services portuaires", gras.savoye@cm.grassavoye.com, 233 37 59 96/ 233 37 59 98
UBC (UNION BANK OF CAMEROON PLC), Monsieur Félix Landry NJOUME(Directeur Général), DOUALA, Bonanjo rail entrée du port, Fabrication de bière et de boissons gazeuses, julesfabricefuture@gmail.com, 233 50 54 00
UCAM (UNION DES CONSIGNATAIRES ET ARMATEURS DU CAMEROUN), Monsieur Jean Claude GENONI(Président); Madame Grace TEMBUNDE Epse FOMUKONG(Secrétaire exécutif), DOUALA," Aéroport, face ecole d'incendie", Manufacture d'allumettes," eric.tamko@yoomee.cm, support@yoomee.cm", 674 63 52 20
UCB (Union Camerounaise de Brasseries), Monsieur  Joseph KADJI  DEFOSSO(Président directeur général), DOUALA," Bonanjo, Avenue de Gaulle, face maison du partie"," Maintenance et location de photocopieurs, infographie", david.ekwabi@socgen.com, 233 430 711 / 233 428 022 / 679 538 301
UNALOR (Union Allumettière Equatoriale), Monsieur Gilbert DEFO(Directeur général), DOUALA," Bonanjo, Imm Ecobank"," Exportation cacao,café", zati.construction@yahoo.fr, 233 43 21 22 / 233 43 21 23
UNITED BUSINESS MACHINES, Monsieur Florian Aimé Petto (directeur général), DOUALA," 1218 Boulevard de la liberté Akwa, face IFC"," Production, construction des plaques d'immatriculation, conception et développement des systémes de sécurité et contrôle des documents",, 696076046
UTI ( Union Trading International), Monsieur Ephreim TCHAKOUNTE(Directeur général), DOUALA," AKWA , Ancien AEROFEU, face Saker", Commercialisation des Intrants agricoles,," 233 50 51 29, 242901008"
UTSCH CAMEROUN, Monsieur André TUETE KWAM (Directeur général), DOUALA," 78, Rue Joss Bonanjo-Douala"," Construction des centrales thermiques, des moteurs et systèmes de propulsion de bateaux, opération et maintenance des installations, vente des pièces détachées de moteurs et systèmes de propulsion de bateaux",, 233 50 19 00
VELIA SARL, Monsieur Olivier DONTSOP (D.G), DOUALA," Bonanjo, Newtown Aéroport", Contrôle technique automobile (Visite technique),, 694025028
WARTSILA, Monsieur Bertrand MBOUCK (Directeur général), DOUALA,, Exploitation forestière,,
WCI (WORLD CAR INDUSTRY ), Monsieur Jean Bosco TAHAKAM SIMO(Directeur général),,, Courtage en assurances,,
WIJMA CAMEROUN S.A., Monsieur Jacky RIVIERE(Directeur général),,, Prestations immobilières - BTP - Formations - Prestations de services,,
WILLIS TOWERS WATSON CAMEROUN, Monsieur FAYEZ SAMB (Directeur Général),,," Télécommunication, fournisseur d'accès internet",,
WISDOM INTERNATIONAL, Monsieur Sylvestre Magloire TAMO TCHUIMBOU  (PDG),,," Conception, exploitation, promotion et commercialisation d'offres de services financiers mobiles",,
YOOMEE Cameroun, Monsieur Jules César LENGUE (D.G),,," Vente de matériaux de construction, BTP, nétoyage industriel",,
YUP CAMEROUN S.A, Madame Sylviane MOUDEKE,,,,,
ZATI CONSTRUCTIONS, Monsieur TIAVE Emmanuel  (D.G),,,,,
